name,kms_driven,car_age,fuel_type_Diesel,fuel_type_LPG,fuel_type_Petrol,company_Audi,company_BMW,company_Chevrolet,company_Datsun,company_Fiat,company_Force,company_Ford,company_Hindustan,company_Honda,company_Hyundai,company_Jaguar,company_Jeep,company_Land,company_Mahindra,company_Maruti,company_Mercedes,company_Mini,company_Mitsubishi,company_Nissan,company_Renault,company_Skoda,company_Tata,company_Toyota,company_Volkswagen,company_Volvo
Hyundai Verna Fluidic New,0.8296672484417387,-0.6626044572736315,1,0,0,0,0,0,0,0,0,0,0,0,1,0,0,0,0,0,0,0,0,0,0,0,0,0,0,0
Ford EcoSport Ambiente 1.5L TDCi,-0.6935433895179741,-0.9016035774345186,1,0,0,0,0,0,0,0,0,1,0,0,0,0,0,0,0,0,0,0,0,0,0,0,0,0,0,0
Maruti Suzuki Wagon R LXi BS III,0.04402115912890969,1.4883876241743517,0,0,1,0,0,0,0,0,0,0,0,0,0,0,0,0,0,1,0,0,0,0,0,0,0,0,0,0
Mahindra Xylo D2 BS IV,0.04402115912890969,0.29339202336991654,1,0,0,0,0,0,0,0,0,0,0,0,0,0,0,0,1,0,0,0,0,0,0,0,0,0,0,0
Maruti Suzuki Eeco 5 STR WITH AC HTR,-0.23881143302370875,-0.6626044572736315,0,0,1,0,0,0,0,0,0,0,0,0,0,0,0,0,0,1,0,0,0,0,0,0,0,0,0,0
Mahindra TUV300 T4 Plus,-0.5373569469625837,-0.9016035774345186,1,0,0,0,0,0,0,0,0,0,0,0,0,0,0,0,1,0,0,0,0,0,0,0,0,0,0,0
Ford Fiesta,0.2640020641365018,0.29339202336991654,1,0,0,0,0,0,0,0,0,1,0,0,0,0,0,0,0,0,0,0,0,0,0,0,0,0,0,0
Maruti Suzuki Dzire ZXI,-0.5216440251763271,-0.1846062169518575,0,0,1,0,0,0,0,0,0,0,0,0,0,0,0,0,0,1,0,0,0,0,0,0,0,0,0,0
Toyota Etios GD,-0.6850584117533957,-0.1846062169518575,0,0,1,0,0,0,0,0,0,0,0,0,0,0,0,0,0,0,0,0,0,0,0,0,0,1,0,0
Maruti Suzuki Estilo LX BS IV,-0.33308896374124825,1.2493885040134647,0,0,1,0,0,0,0,0,0,0,0,0,0,0,0,0,0,1,0,0,0,0,0,0,0,0,0,0
Ford Figo Petrol LXI,0.892518935586765,0.29339202336991654,0,0,1,0,0,0,0,0,0,1,0,0,0,0,0,0,0,0,0,0,0,0,0,0,0,0,0,0
Mitsubishi Pajero Sport Limited Edition,0.01259531555639653,-0.6626044572736315,1,0,0,0,0,0,0,0,0,0,0,0,0,0,0,0,0,0,0,0,1,0,0,0,0,0,0,0
Ford EcoSport Trend 1.5L TDCi,-0.6998285582324768,-0.9016035774345186,1,0,0,0,0,0,0,0,0,1,0,0,0,0,0,0,0,0,0,0,0,0,0,0,0,0,0,0
Maruti Suzuki Wagon R,-0.3645148073137614,0.7713902636916906,0,0,1,0,0,0,0,0,0,0,0,0,0,0,0,0,0,1,0,0,0,0,0,0,0,0,0,0
Mini Cooper S 1.6,-1.0401704441227944,-0.1846062169518575,0,0,1,0,0,0,0,0,0,0,0,0,0,0,0,0,0,0,0,1,0,0,0,0,0,0,0,0
Hyundai i20 Magna 1.2,-0.33308896374124825,0.5323911435308035,0,0,1,0,0,0,0,0,0,0,0,0,1,0,0,0,0,0,0,0,0,0,0,0,0,0,0,0
Honda City,-0.23881143302370875,-0.6626044572736315,1,0,0,0,0,0,0,0,0,0,0,1,0,0,0,0,0,0,0,0,0,0,0,0,0,0,0,0
Toyota Fortuner 3.0 4x4 MT,2.652366175647502,0.5323911435308035,1,0,0,0,0,0,0,0,0,0,0,0,0,0,0,0,0,0,0,0,0,0,0,0,0,1,0,0
Hyundai i20 Magna,-0.14453390230616928,0.29339202336991654,0,0,1,0,0,0,0,0,0,0,0,0,1,0,0,0,0,0,0,0,0,0,0,0,0,0,0,0
Mahindra Scorpio S10 4WD,0.059985487663746374,-0.6626044572736315,1,0,0,0,0,0,0,0,0,0,0,0,0,0,0,0,1,0,0,0,0,0,0,0,0,0,0,0
Maruti Suzuki Dzire,-0.05025637158862979,-0.6626044572736315,1,0,0,0,0,0,0,0,0,0,0,0,0,0,0,0,0,1,0,0,0,0,0,0,0,0,0,0
Mahindra Quanto C4,0.5154088127166071,-0.1846062169518575,1,0,0,0,0,0,0,0,0,0,0,0,0,0,0,0,1,0,0,0,0,0,0,0,0,0,0,0
Hyundai Verna 1.6 SX VTVT AT,-1.4015676452066956,-1.6186009379171795,0,0,1,0,0,0,0,0,0,0,0,0,1,0,0,0,0,0,0,0,0,0,0,0,0,0,0,0
Honda Brio V MT,-0.4273664944587877,0.054392903209029515,0,0,1,0,0,0,0,0,0,0,0,1,0,0,0,0,0,0,0,0,0,0,0,0,0,0,0,0
Mahindra TUV300 T4 Plus,-0.3645148073137614,-0.9016035774345186,1,0,0,0,0,0,0,0,0,0,0,0,0,0,0,0,1,0,0,0,0,0,0,0,0,0,0,0
Maruti Suzuki Swift Dzire VXi 1.2 BS IV,-0.17595974587868243,-0.1846062169518575,0,0,1,0,0,0,0,0,0,0,0,0,0,0,0,0,0,1,0,0,0,0,0,0,0,0,0,0
Maruti Suzuki Ertiga Vxi,-0.5530698687488403,-0.9016035774345186,0,0,1,0,0,0,0,0,0,0,0,0,0,0,0,0,0,1,0,0,0,0,0,0,0,0,0,0
Honda City,0.23257622056398866,-0.6626044572736315,0,0,1,0,0,0,0,0,0,0,0,1,0,0,0,0,0,0,0,0,0,0,0,0,0,0,0,0
Maruti Suzuki Alto K10 VXi,-0.8359024609014588,-0.1846062169518575,0,0,1,0,0,0,0,0,0,0,0,0,0,0,0,0,0,1,0,0,0,0,0,0,0,0,0,0
Renault Duster RxL Petrol,-0.33308896374124825,-0.6626044572736315,0,0,1,0,0,0,0,0,0,0,0,0,0,0,0,0,0,0,0,0,0,0,1,0,0,0,0,0
Toyota Corolla Altis GL Petrol,0.2640020641365018,0.5323911435308035,0,0,1,0,0,0,0,0,0,0,0,0,0,0,0,0,0,0,0,0,0,0,0,0,0,1,0,0
Tata Indigo LX TDI BS III,1.8038683991896467,-0.9016035774345186,1,0,0,0,0,0,0,0,0,0,0,0,0,0,0,0,0,0,0,0,0,0,0,0,1,0,0,0
Hyundai Elantra SX,-0.8359024609014588,-0.1846062169518575,0,0,1,0,0,0,0,0,0,0,0,0,1,0,0,0,0,0,0,0,0,0,0,0,0,0,0,0
Maruti Suzuki Zen Estilo LXI Green CNG,-0.7416249301839193,1.0103893838525775,0,0,1,0,0,0,0,0,0,0,0,0,0,0,0,0,0,1,0,0,0,0,0,0,0,0,0,0
Hyundai Xcent Base 1.1 CRDi,2.9351987678001206,-0.9016035774345186,1,0,0,0,0,0,0,0,0,0,0,0,1,0,0,0,0,0,0,0,0,0,0,0,0,0,0,0
Chevrolet Tavera Neo,0.2640020641365018,-0.1846062169518575,1,0,0,0,0,1,0,0,0,0,0,0,0,0,0,0,0,0,0,0,0,0,0,0,0,0,0,0
Hyundai i20 Sportz 1.2,0.2640020641365018,0.054392903209029515,0,0,1,0,0,0,0,0,0,0,0,0,1,0,0,0,0,0,0,0,0,0,0,0,0,0,0,0
Toyota Innova 2.5 E MS 7 STR BS IV,-1.464419332351722,0.054392903209029515,1,0,0,0,0,0,0,0,0,0,0,0,0,0,0,0,0,0,0,0,0,0,0,0,0,1,0,0
Tata Vista Quadrajet VX,1.3639065891744624,0.29339202336991654,1,0,0,0,0,0,0,0,0,0,0,0,0,0,0,0,0,0,0,0,0,0,0,0,1,0,0,0
Tata Zest Quadrajet 1.3,1.3639065891744624,-1.1406026975954056,1,0,0,0,0,0,0,0,0,0,0,0,0,0,0,0,0,0,0,0,0,0,0,0,1,0,0,0
Maruti Suzuki Ertiga VDi,-0.14453390230616928,-0.1846062169518575,1,0,0,0,0,0,0,0,0,0,0,0,0,0,0,0,0,1,0,0,0,0,0,0,0,0,0,0
Honda Brio,-0.5216440251763271,0.054392903209029515,0,0,1,0,0,0,0,0,0,0,0,1,0,0,0,0,0,0,0,0,0,0,0,0,0,0,0,0
Renault Kwid 1.0 RXT AMT,-1.1501608966265904,-1.3796018177562925,0,0,1,0,0,0,0,0,0,0,0,0,0,0,0,0,0,0,0,0,0,0,1,0,0,0,0,0
Maruti Suzuki Maruti 800 AC,0.892518935586765,2.683383224978787,0,0,1,0,0,0,0,0,0,0,0,0,0,0,0,0,0,1,0,0,0,0,0,0,0,0,0,0
Renault Lodgy 85 PS RXL,-0.8359024609014588,-1.3796018177562925,1,0,0,0,0,0,0,0,0,0,0,0,0,0,0,0,0,0,0,0,0,0,1,0,0,0,0,0
Hyundai Grand i10 Asta 1.2 Kappa VTVT O,-0.17595974587868243,-0.4236053371127445,0,0,1,0,0,0,0,0,0,0,0,0,1,0,0,0,0,0,0,0,0,0,0,0,0,0,0,0
Hyundai Santro Xing XL eRLX Euro III,-0.10682289001915347,0.7713902636916906,0,0,1,0,0,0,0,0,0,0,0,0,1,0,0,0,0,0,0,0,0,0,0,0,0,0,0,0
Mercedes Benz C Class C 220 CDI Avantgarde,0.9239447791592782,0.7713902636916906,1,0,0,0,0,0,0,0,0,0,0,0,0,0,0,0,0,0,1,0,0,0,0,0,0,0,0,0
Chevrolet Cruze LTZ,-0.3645148073137614,0.29339202336991654,1,0,0,0,0,1,0,0,0,0,0,0,0,0,0,0,0,0,0,0,0,0,0,0,0,0,0,0
Toyota Etios,-0.33308896374124825,0.29339202336991654,1,0,0,0,0,0,0,0,0,0,0,0,0,0,0,0,0,0,0,0,0,0,0,0,0,1,0,0
Hyundai Xcent SX 1.2,-0.1131080587336561,-0.6626044572736315,1,0,0,0,0,0,0,0,0,0,0,0,1,0,0,0,0,0,0,0,0,0,0,0,0,0,0,0
Maruti Suzuki Ertiga,0.106872846273936,-0.6626044572736315,1,0,0,0,0,0,0,0,0,0,0,0,0,0,0,0,0,1,0,0,0,0,0,0,0,0,0,0
Hyundai Verna 1.6 CRDI SX Plus AT,-0.5530698687488403,0.054392903209029515,1,0,0,0,0,0,0,0,0,0,0,0,1,0,0,0,0,0,0,0,0,0,0,0,0,0,0,0
Hyundai Grand i10 Sportz 1.2 Kappa VTVT,-0.678773243038893,-0.4236053371127445,0,0,1,0,0,0,0,0,0,0,0,0,1,0,0,0,0,0,0,0,0,0,0,0,0,0,0,0
Honda Amaze 1.2 VX i VTEC,-1.275864270916643,-0.4236053371127445,0,0,1,0,0,0,0,0,0,0,0,1,0,0,0,0,0,0,0,0,0,0,0,0,0,0,0,0
Toyota Fortuner 3.0 4x4 MT,1.5838874941820544,-0.1846062169518575,1,0,0,0,0,0,0,0,0,0,0,0,0,0,0,0,0,0,0,0,0,0,0,0,0,1,0,0
Tata Manza ELAN Quadrajet,2.0273375728337877,0.5323911435308035,0,0,1,0,0,0,0,0,0,0,0,0,0,0,0,0,0,0,0,0,0,0,0,0,1,0,0,0
Mitsubishi Pajero Sport Limited Edition,-0.10613152146055818,-0.6626044572736315,0,0,1,0,0,0,0,0,0,0,0,0,0,0,0,0,0,0,0,0,1,0,0,0,0,0,0,0
Chevrolet Cruze LTZ AT,-0.17595974587868243,-0.4236053371127445,1,0,0,0,0,1,0,0,0,0,0,0,0,0,0,0,0,0,0,0,0,0,0,0,0,0,0,0
Mahindra Bolero SLE BS IV,1.0559333221638334,-0.1846062169518575,1,0,0,0,0,0,0,0,0,0,0,0,0,0,0,0,1,0,0,0,0,0,0,0,0,0,0,0
Hyundai Verna Fluidic New,-0.1131080587336561,0.29339202336991654,1,0,0,0,0,0,0,0,0,0,0,0,1,0,0,0,0,0,0,0,0,0,0,0,0,0,0,0
Hindustan Motors Ambassador Classic Mark 4 â Befo,-0.3016631201687351,4.117377945944109,0,0,1,0,0,0,0,0,0,0,1,0,0,0,0,0,0,0,0,0,0,0,0,0,0,0,0,0
Hyundai Elantra 1.8 S,0.5782604998616334,0.054392903209029515,0,0,1,0,0,0,0,0,0,0,0,0,1,0,0,0,0,0,0,0,0,0,0,0,0,0,0,0
Hyundai Elite i20,-1.1815867401991036,-0.9016035774345186,0,0,1,0,0,0,0,0,0,0,0,0,1,0,0,0,0,0,0,0,0,0,0,0,0,0,0,0
Chevrolet Beat LT Diesel,-0.27023727659622193,0.054392903209029515,1,0,0,0,0,1,0,0,0,0,0,0,0,0,0,0,0,0,0,0,0,0,0,0,0,0,0,0
Nissan Terrano XL D Plus,0.42113128199906763,-0.6626044572736315,1,0,0,0,0,0,0,0,0,0,0,0,0,0,0,0,0,0,0,0,0,1,0,0,0,0,0,0
Maruti Suzuki Omni,0.42113128199906763,2.9223823451396735,0,0,1,0,0,0,0,0,0,0,0,0,0,0,0,0,0,1,0,0,0,0,0,0,0,0,0,0
Tata Nano Cx BSIV,-1.395282476492193,-0.1846062169518575,0,0,1,0,0,0,0,0,0,0,0,0,0,0,0,0,0,0,0,0,0,0,0,0,1,0,0,0
Hyundai Santro,1.3010549020294362,2.9223823451396735,0,0,1,0,0,0,0,0,0,0,0,0,1,0,0,0,0,0,0,0,0,0,0,0,0,0,0,0
Hyundai Santro,0.01259531555639653,2.4443841048178996,0,0,1,0,0,0,0,0,0,0,0,0,1,0,0,0,0,0,0,0,0,0,0,0,0,0,0,0
Hyundai Eon Magna Plus,-0.7416249301839193,-0.1846062169518575,0,0,1,0,0,0,0,0,0,0,0,0,1,0,0,0,0,0,0,0,0,0,0,0,0,0,0,0
Maruti Suzuki Vitara Brezza,-0.33308896374124825,-1.1406026975954056,1,0,0,0,0,0,0,0,0,0,0,0,0,0,0,0,0,1,0,0,0,0,0,0,0,0,0,0
Honda City,1.0496481534493307,2.9223823451396735,0,0,1,0,0,0,0,0,0,0,0,1,0,0,0,0,0,0,0,0,0,0,0,0,0,0,0,0
Mahindra TUV300 T8,-1.3230030362754128,-1.3796018177562925,1,0,0,0,0,0,0,0,0,0,0,0,0,0,0,0,1,0,0,0,0,0,0,0,0,0,0,0
Maruti Suzuki Swift Dzire VDi,0.5782604998616334,0.29339202336991654,1,0,0,0,0,0,0,0,0,0,0,0,0,0,0,0,0,1,0,0,0,0,0,0,0,0,0,0
Maruti Suzuki Alto 800 Vxi,-0.27023727659622193,-0.6626044572736315,0,0,1,0,0,0,0,0,0,0,0,0,0,0,0,0,0,1,0,0,0,0,0,0,0,0,0,0
Toyota Corolla Altis 1.8 J,0.3897054384265545,0.054392903209029515,0,0,1,0,0,0,0,0,0,0,0,0,0,0,0,0,0,0,0,0,0,0,0,0,0,1,0,0
Maruti Suzuki Alto 800 Lx,0.42113128199906763,2.205384984657013,0,0,1,0,0,0,0,0,0,0,0,0,0,0,0,0,0,1,0,0,0,0,0,0,0,0,0,0
Maruti Suzuki Alto 800 Lxi,0.42113128199906763,-1.1406026975954056,0,0,1,0,0,0,0,0,0,0,0,0,0,0,0,0,0,1,0,0,0,0,0,0,0,0,0,0
Volkswagen Polo Highline1.2L P,-0.6159215558938667,-0.1846062169518575,0,0,1,0,0,0,0,0,0,0,0,0,0,0,0,0,0,0,0,0,0,0,0,0,0,0,1,0
Tata Bolt XM Petrol,-0.9930316787640245,-0.6626044572736315,0,0,1,0,0,0,0,0,0,0,0,0,0,0,0,0,0,0,0,0,0,0,0,0,1,0,0,0
Maruti Suzuki Ritz VXI,-0.8673283044739719,-0.4236053371127445,0,0,1,0,0,0,0,0,0,0,0,0,0,0,0,0,0,1,0,0,0,0,0,0,0,0,0,0
Maruti Suzuki Alto K10 VXi AMT,0.42113128199906763,-0.6626044572736315,0,0,1,0,0,0,0,0,0,0,0,0,0,0,0,0,0,1,0,0,0,0,0,0,0,0,0,0
Maruti Suzuki Eeco 5 STR WITH AC HTR,0.2640020641365018,-0.6626044572736315,0,0,1,0,0,0,0,0,0,0,0,0,0,0,0,0,0,1,0,0,0,0,0,0,0,0,0,0
Audi A4 2.0 TDI 177bhp Premium,-0.08168221516114295,-0.9016035774345186,1,0,0,1,0,0,0,0,0,0,0,0,0,0,0,0,0,0,0,0,0,0,0,0,0,0,0,0
Tata Nano GenX XMA,-0.08152508594328038,0.5323911435308035,0,0,1,0,0,0,0,0,0,0,0,0,0,0,0,0,0,0,0,0,0,0,0,0,1,0,0,0
Maruti Suzuki Swift VDi,1.3639065891744624,0.7713902636916906,1,0,0,0,0,0,0,0,0,0,0,0,0,0,0,0,0,1,0,0,0,0,0,0,0,0,0,0
BMW X1 sDrive20d,-0.17595974587868243,0.054392903209029515,1,0,0,0,1,0,0,0,0,0,0,0,0,0,0,0,0,0,0,0,0,0,0,0,0,0,0,0
Hyundai Creta 1.6 SX Plus Petrol AT,-1.2130125837716168,-0.9016035774345186,0,0,1,0,0,0,0,0,0,0,0,0,1,0,0,0,0,0,0,0,0,0,0,0,0,0,0,0
Maruti Suzuki Dzire,-1.385854723420439,-0.9016035774345186,1,0,0,0,0,0,0,0,0,0,0,0,0,0,0,0,0,1,0,0,0,0,0,0,0,0,0,0
Maruti Suzuki Swift VDi,0.35827959485404126,0.29339202336991654,1,0,0,0,0,0,0,0,0,0,0,0,0,0,0,0,0,1,0,0,0,0,0,0,0,0,0,0
Honda City 1.5 V MT,-0.23881143302370875,-0.4236053371127445,0,0,1,0,0,0,0,0,0,0,0,1,0,0,0,0,0,0,0,0,0,0,0,0,0,0,0,0
Toyota Innova 2.0 G 8 STR BS IV,1.1124998405943571,0.054392903209029515,1,0,0,0,0,0,0,0,0,0,0,0,0,0,0,0,0,0,0,0,0,0,0,0,0,1,0,0
Maruti Suzuki Swift VXi 1.2 ABS BS IV,-0.4941778378939507,-1.1406026975954056,0,0,1,0,0,0,0,0,0,0,0,0,0,0,0,0,0,1,0,0,0,0,0,0,0,0,0,0
Mahindra Scorpio S10,-0.3645148073137614,-0.6626044572736315,1,0,0,0,0,0,0,0,0,0,0,0,0,0,0,0,1,0,0,0,0,0,0,0,0,0,0,0
Maruti Suzuki Swift Dzire VXi 1.2 BS IV,-0.3645148073137614,-0.4236053371127445,0,0,1,0,0,0,0,0,0,0,0,0,0,0,0,0,0,1,0,0,0,0,0,0,0,0,0,0
Tata Sumo Victa EX 10 by 7 Str BSIII,0.5782604998616334,0.054392903209029515,1,0,0,0,0,0,0,0,0,0,0,0,0,0,0,0,0,0,0,0,0,0,0,0,1,0,0,0
Hyundai Verna Fluidic,-0.2073855894511956,0.054392903209029515,1,0,0,0,0,0,0,0,0,0,0,0,1,0,0,0,0,0,0,0,0,0,0,0,0,0,0,0
Ford Fusion 1.4 TDCi Diesel,1.22107613013739,1.2493885040134647,1,0,0,0,0,0,0,0,0,1,0,0,0,0,0,0,0,0,0,0,0,0,0,0,0,0,0,0
Toyota Corolla Altis Petrol Ltd,-0.3645148073137614,0.7713902636916906,0,0,1,0,0,0,0,0,0,0,0,0,0,0,0,0,0,0,0,0,0,0,0,0,0,1,0,0
Mahindra Scorpio SLE BS IV,0.06476221588676838,-0.6626044572736315,1,0,0,0,0,0,0,0,0,0,0,0,0,0,0,0,1,0,0,0,0,0,0,0,0,0,0,0
Mercedes Benz A Class A 180 Sport Petrol,-1.0244575223365378,-0.1846062169518575,0,0,1,0,0,0,0,0,0,0,0,0,0,0,0,0,0,0,1,0,0,0,0,0,0,0,0,0
Audi A3 Cabriolet 40 TFSI,-1.0710934741981473,-0.6626044572736315,0,0,1,1,0,0,0,0,0,0,0,0,0,0,0,0,0,0,0,0,0,0,0,0,0,0,0,0
Maruti Suzuki SX4,-0.018830528016116628,0.054392903209029515,1,0,0,0,0,0,0,0,0,0,0,0,0,0,0,0,0,1,0,0,0,0,0,0,0,0,0,0
Honda City 1.5 S MT,0.7353897177241993,0.5323911435308035,0,0,1,0,0,0,0,0,0,0,0,1,0,0,0,0,0,0,0,0,0,0,0,0,0,0,0,0
Maruti Suzuki Wagon R Select Variant,-0.3488018855275048,-0.9016035774345186,1,0,0,0,0,0,0,0,0,0,0,0,0,0,0,0,0,1,0,0,0,0,0,0,0,0,0,0
Honda City 1.5 V AT,0.2640020641365018,0.7713902636916906,0,0,1,0,0,0,0,0,0,0,0,1,0,0,0,0,0,0,0,0,0,0,0,0,0,0,0,0
Mahindra XUV500 W8,-0.5656402061778456,-0.6626044572736315,1,0,0,0,0,0,0,0,0,0,0,0,0,0,0,0,1,0,0,0,0,0,0,0,0,0,0,0
Chevrolet Beat LT Diesel,1.3639065891744624,-0.6626044572736315,1,0,0,0,0,1,0,0,0,0,0,0,0,0,0,0,0,0,0,0,0,0,0,0,0,0,0,0
Force Motors Force One LX ABS 7 STR,-1.36385663291968,-0.6626044572736315,1,0,0,0,0,0,0,0,1,0,0,0,0,0,0,0,0,0,0,0,0,0,0,0,0,0,0,0
Maruti Suzuki Swift Dzire Tour LXi,-0.08168221516114295,-0.4236053371127445,0,0,1,0,0,0,0,0,0,0,0,0,0,0,0,0,0,1,0,0,0,0,0,0,0,0,0,0
Maruti Suzuki Swift,0.05178334249132044,1.4883876241743517,0,0,1,0,0,0,0,0,0,0,0,0,0,0,0,0,0,1,0,0,0,0,0,0,0,0,0,0
Tata Manza Aqua Quadrajet,4.82074938215091,-0.4236053371127445,1,0,0,0,0,0,0,0,0,0,0,0,0,0,0,0,0,0,0,0,0,0,0,0,1,0,0,0
Skoda Laura,0.106872846273936,-0.1846062169518575,1,0,0,0,0,0,0,0,0,0,0,0,0,0,0,0,0,0,0,0,0,0,0,1,0,0,0,0
Maruti Suzuki Swift Dzire Tour LDi,3.7522707006854628,-0.9016035774345186,1,0,0,0,0,0,0,0,0,0,0,0,0,0,0,0,0,1,0,0,0,0,0,0,0,0,0,0
Maruti Suzuki Alto 800,-0.3472305933488791,-0.4236053371127445,0,0,1,0,0,0,0,0,0,0,0,0,0,0,0,0,0,1,0,0,0,0,0,0,0,0,0,0
Ford Fiesta SXi 1.6 ABS,0.3079982451380202,0.7713902636916906,0,0,1,0,0,0,0,0,0,1,0,0,0,0,0,0,0,0,0,0,0,0,0,0,0,0,0,0
Mahindra Scorpio,0.6725380305791729,-0.1846062169518575,1,0,0,0,0,0,0,0,0,0,0,0,0,0,0,0,1,0,0,0,0,0,0,0,0,0,0,0
Maruti Suzuki Alto K10 LXi CNG,-0.3016631201687351,-0.4236053371127445,0,0,1,0,0,0,0,0,0,0,0,0,0,0,0,0,0,1,0,0,0,0,0,0,0,0,0,0
Maruti Suzuki Swift Dzire Tour VDi,0.13829868984644916,0.7713902636916906,1,0,0,0,0,0,0,0,0,0,0,0,0,0,0,0,0,1,0,0,0,0,0,0,0,0,0,0
Hyundai Grand i10 Asta 1.2 Kappa VTVT,-0.17595974587868243,-0.4236053371127445,0,0,1,0,0,0,0,0,0,0,0,0,1,0,0,0,0,0,0,0,0,0,0,0,0,0,0,0
Mahindra Xylo E8 BS IV,-0.1131080587336561,0.29339202336991654,1,0,0,0,0,0,0,0,0,0,0,0,0,0,0,0,1,0,0,0,0,0,0,0,0,0,0,0
Hyundai i10 Era,-0.5216440251763271,0.29339202336991654,0,0,1,0,0,0,0,0,0,0,0,0,1,0,0,0,0,0,0,0,0,0,0,0,0,0,0,0
Hyundai Verna,-0.08168221516114295,-0.4236053371127445,1,0,0,0,0,0,0,0,0,0,0,0,1,0,0,0,0,0,0,0,0,0,0,0,0,0,0,0
Maruti Suzuki 800 Std BS III,-0.41479615702978245,2.9223823451396735,0,0,1,0,0,0,0,0,0,0,0,0,0,0,0,0,0,1,0,0,0,0,0,0,0,0,0,0
Maruti Suzuki Stingray VXi,-0.5216440251763271,-0.6626044572736315,0,0,1,0,0,0,0,0,0,0,0,0,0,0,0,0,0,1,0,0,0,0,0,0,0,0,0,0
Mahindra XUV500,0.01259531555639653,-0.4236053371127445,1,0,0,0,0,0,0,0,0,0,0,0,0,0,0,0,1,0,0,0,0,0,0,0,0,0,0,0
Mahindra Bolero DI,-0.7274204488891434,-1.1406026975954056,1,0,0,0,0,0,0,0,0,0,0,0,0,0,0,0,1,0,0,0,0,0,0,0,0,0,0,0
Maruti Suzuki Swift Dzire VXi 1.2 BS IV,-0.05025637158862979,0.29339202336991654,0,0,1,0,0,0,0,0,0,0,0,0,0,0,0,0,0,1,0,0,0,0,0,0,0,0,0,0
Maruti Suzuki Swift,0.04420971419034477,0.054392903209029515,1,0,0,0,0,0,0,0,0,0,0,0,0,0,0,0,0,1,0,0,0,0,0,0,0,0,0,0
Hyundai Elite i20,-0.2073855894511956,0.29339202336991654,0,0,1,0,0,0,0,0,0,0,0,0,1,0,0,0,0,0,0,0,0,0,0,0,0,0,0,0
Maruti Suzuki Dzire LDI,1.0496481534493307,-1.1406026975954056,1,0,0,0,0,0,0,0,0,0,0,0,0,0,0,0,0,1,0,0,0,0,0,0,0,0,0,0
Hyundai Creta 1.6 SX,-1.464419332351722,-1.6186009379171795,0,0,1,0,0,0,0,0,0,0,0,0,1,0,0,0,0,0,0,0,0,0,0,0,0,0,0,0
Maruti Suzuki Ciaz ZXI Plus,-1.0244575223365378,-1.1406026975954056,0,0,1,0,0,0,0,0,0,0,0,0,0,0,0,0,0,1,0,0,0,0,0,0,0,0,0,0
Jaguar XF 2.2 Diesel Luxury,-0.5530698687488403,-0.1846062169518575,1,0,0,0,0,0,0,0,0,0,0,0,0,1,0,0,0,0,0,0,0,0,0,0,0,0,0,0
Maruti Suzuki Dzire,-0.018830528016116628,0.7713902636916906,0,0,1,0,0,0,0,0,0,0,0,0,0,0,0,0,0,1,0,0,0,0,0,0,0,0,0,0
Maruti Suzuki Zen LXi BS III,0.29542790770901495,1.9663858644961256,0,0,1,0,0,0,0,0,0,0,0,0,0,0,0,0,0,1,0,0,0,0,0,0,0,0,0,0
Mahindra Jeep MM 550 XDB,-1.4605853794358754,1.4883876241743517,1,0,0,0,0,0,0,0,0,0,0,0,0,0,0,0,1,0,0,0,0,0,0,0,0,0,0,0
Maruti Suzuki Alto 800 Lxi,-0.8044766173289456,-1.1406026975954056,0,0,1,0,0,0,0,0,0,0,0,0,0,0,0,0,0,1,0,0,0,0,0,0,0,0,0,0
Tata Indigo eCS VX CR4 BS IV,-0.2073855894511956,-0.4236053371127445,1,0,0,0,0,0,0,0,0,0,0,0,0,0,0,0,0,0,0,0,0,0,0,0,1,0,0,0
Honda City ZX VTEC,-0.05025637158862979,1.0103893838525775,0,0,1,0,0,0,0,0,0,0,0,1,0,0,0,0,0,0,0,0,0,0,0,0,0,0,0,0
Tata Indigo CS eLX BS IV,1.2067773713118966,-0.9016035774345186,1,0,0,0,0,0,0,0,0,0,0,0,0,0,0,0,0,0,0,0,0,0,0,0,1,0,0,0
Tata Zest XE 75 PS Diesel,1.7587094619759451,-1.3796018177562925,1,0,0,0,0,0,0,0,0,0,0,0,0,0,0,0,0,0,0,0,0,0,0,0,1,0,0,0
Fiat Petra ELX 1.2 PS,0.5782604998616334,1.0103893838525775,0,0,1,0,0,0,0,1,0,0,0,0,0,0,0,0,0,0,0,0,0,0,0,0,0,0,0,0
BMW 7 Series 740Li Sedan,-0.3645148073137614,0.7713902636916906,0,0,1,0,1,0,0,0,0,0,0,0,0,0,0,0,0,0,0,0,0,0,0,0,0,0,0,0
Maruti Suzuki Baleno Delta 1.2,-0.7730507737564325,-0.9016035774345186,0,0,1,0,0,0,0,0,0,0,0,0,0,0,0,0,0,1,0,0,0,0,0,0,0,0,0,0
Toyota Fortuner,0.16972453341896232,0.29339202336991654,1,0,0,0,0,0,0,0,0,0,0,0,0,0,0,0,0,0,0,0,0,0,0,0,0,1,0,0
Skoda Fabia 1.2L Diesel Elegance,-0.02313586858555093,0.29339202336991654,1,0,0,0,0,0,0,0,0,0,0,0,0,0,0,0,0,0,0,0,0,0,0,1,0,0,0,0
Hyundai Eon,-0.5844957123213536,-0.4236053371127445,0,0,1,0,0,0,0,0,0,0,0,0,1,0,0,0,0,0,0,0,0,0,0,0,0,0,0,0
Audi A4 1.8 TFSI Multitronic Premium Plus,0.01259531555639653,0.7713902636916906,0,0,1,1,0,0,0,0,0,0,0,0,0,0,0,0,0,0,0,0,0,0,0,0,0,0,0,0
Hyundai i20 Active,-0.3645148073137614,-0.6626044572736315,1,0,0,0,0,0,0,0,0,0,0,0,1,0,0,0,0,0,0,0,0,0,0,0,0,0,0,0
Honda Amaze,-0.3016631201687351,-0.4236053371127445,0,0,1,0,0,0,0,0,0,0,0,1,0,0,0,0,0,0,0,0,0,0,0,0,0,0,0,0
Ford Figo Diesel EXI,0.106872846273936,-0.4236053371127445,1,0,0,0,0,0,0,0,0,1,0,0,0,0,0,0,0,0,0,0,0,0,0,0,0,0,0,0
Hyundai Santro Xing XL AT eRLX Euro III,0.01259531555639653,1.2493885040134647,0,0,1,0,0,0,0,0,0,0,0,0,1,0,0,0,0,0,0,0,0,0,0,0,0,0,0,0
Volkswagen Polo Comfortline 1.2L P,-1.376426970348685,-0.6626044572736315,0,0,1,0,0,0,0,0,0,0,0,0,0,0,0,0,0,0,0,0,0,0,0,0,0,0,1,0
Mahindra Scorpio VLX Airbag,0.6096863434341465,0.29339202336991654,1,0,0,0,0,0,0,0,0,0,0,0,0,0,0,0,1,0,0,0,0,0,0,0,0,0,0,0
Hyundai Santro AE GLS Audio,-0.05025637158862979,0.29339202336991654,0,0,1,0,0,0,0,0,0,0,0,0,1,0,0,0,0,0,0,0,0,0,0,0,0,0,0,0
Hyundai i10 Magna 1.2,-0.05025637158862979,0.29339202336991654,0,0,1,0,0,0,0,0,0,0,0,0,1,0,0,0,0,0,0,0,0,0,0,0,0,0,0,0
Honda City,0.2640020641365018,0.29339202336991654,0,0,1,0,0,0,0,0,0,0,0,1,0,0,0,0,0,0,0,0,0,0,0,0,0,0,0,0
Hyundai Santro Xing XO eRLX Euro III,-0.05025637158862979,1.2493885040134647,0,0,1,0,0,0,0,0,0,0,0,0,1,0,0,0,0,0,0,0,0,0,0,0,0,0,0,0
Hyundai Getz,1.0496481534493307,1.4883876241743517,0,0,1,0,0,0,0,0,0,0,0,0,1,0,0,0,0,0,0,0,0,0,0,0,0,0,0,0
Hyundai i10 Magna 1.2 Kappa2,1.6844501936140965,1.0103893838525775,0,0,1,0,0,0,0,0,0,0,0,0,1,0,0,0,0,0,0,0,0,0,0,0,0,0,0,0
Mahindra KUV100 K8 D 6 STR,-1.2130125837716168,-1.3796018177562925,1,0,0,0,0,0,0,0,0,0,0,0,0,0,0,0,1,0,0,0,0,0,0,0,0,0,0,0
Maruti Suzuki Omni E 8 STR BS IV,-0.678773243038893,-0.1846062169518575,0,0,1,0,0,0,0,0,0,0,0,0,0,0,0,0,0,1,0,0,0,0,0,0,0,0,0,0
Hyundai i10 Sportz,-0.39594065088627456,0.054392903209029515,0,0,1,0,0,0,0,0,0,0,0,0,1,0,0,0,0,0,0,0,0,0,0,0,0,0,0,0
Volkswagen Jetta Highline TDI AT,-0.018830528016116628,-0.4236053371127445,1,0,0,0,0,0,0,0,0,0,0,0,0,0,0,0,0,0,0,0,0,0,0,0,0,0,1,0
Mahindra TUV300 T4 Plus,-1.1815867401991036,-0.9016035774345186,1,0,0,0,0,0,0,0,0,0,0,0,0,0,0,0,1,0,0,0,0,0,0,0,0,0,0,0
Mahindra Logan Diesel 1.5 DLS,0.6096863434341465,0.7713902636916906,0,0,1,0,0,0,0,0,0,0,0,0,0,0,0,0,1,0,0,0,0,0,0,0,0,0,0,0
Honda City SV,-1.3387159580616694,-1.1406026975954056,0,0,1,0,0,0,0,0,0,0,0,1,0,0,0,0,0,0,0,0,0,0,0,0,0,0,0,0
Hyundai Accent,-0.05025637158862979,0.5323911435308035,0,0,1,0,0,0,0,0,0,0,0,0,1,0,0,0,0,0,0,0,0,0,0,0,0,0,0,0
Renault Duster 110 PS RxZ Diesel,-0.23881143302370875,-0.1846062169518575,1,0,0,0,0,0,0,0,0,0,0,0,0,0,0,0,0,0,0,0,0,0,1,0,0,0,0,0
Mahindra XUV500,0.16972453341896232,-0.4236053371127445,1,0,0,0,0,0,0,0,0,0,0,0,0,0,0,0,1,0,0,0,0,0,0,0,0,0,0,0
Toyota Innova 2.5 Z Diesel 7 Seater,0.892518935586765,0.29339202336991654,1,0,0,0,0,0,0,0,0,0,0,0,0,0,0,0,0,0,0,0,0,0,0,0,0,1,0,0
Hyundai Santro Xing,2.856477029650975,1.9663858644961256,0,0,1,0,0,0,0,0,0,0,0,0,1,0,0,0,0,0,0,0,0,0,0,0,0,0,0,0
Tata Indigo eCS,3.2494572035252522,-0.9016035774345186,1,0,0,0,0,0,0,0,0,0,0,0,0,0,0,0,0,0,0,0,0,0,0,0,1,0,0,0
Hyundai Eon Era Plus,-0.21681334252294954,-0.1846062169518575,0,0,1,0,0,0,0,0,0,0,0,0,1,0,0,0,0,0,0,0,0,0,0,0,0,0,0,0
Hyundai i20,-0.7416249301839193,-0.4236053371127445,0,0,1,0,0,0,0,0,0,0,0,0,1,0,0,0,0,0,0,0,0,0,0,0,0,0,0,0
Maruti Suzuki Swift Dzire,3.1237538292351994,-0.9016035774345186,1,0,0,0,0,0,0,0,0,0,0,0,0,0,0,0,0,1,0,0,0,0,0,0,0,0,0,0
Hyundai Santro Xing GLS,-0.018830528016116628,1.4883876241743517,0,0,1,0,0,0,0,0,0,0,0,0,1,0,0,0,0,0,0,0,0,0,0,0,0,0,0,0
Hyundai Elite i20 Sportz 1.2,-1.2192977524861193,-1.3796018177562925,0,0,1,0,0,0,0,0,0,0,0,0,1,0,0,0,0,0,0,0,0,0,0,0,0,0,0,0
Tata Indigo eCS LS CR4 BS IV,2.620940332074989,-1.1406026975954056,1,0,0,0,0,0,0,0,0,0,0,0,0,0,0,0,0,0,0,0,0,0,0,0,1,0,0,0
Chevrolet Sail UVA Petrol LT ABS,0.42113128199906763,-0.1846062169518575,0,0,1,0,0,1,0,0,0,0,0,0,0,0,0,0,0,0,0,0,0,0,0,0,0,0,0,0
Tata Indigo eCS LX TDI BS III,4.047673630267086,-0.9016035774345186,1,0,0,0,0,0,0,0,0,0,0,0,0,0,0,0,0,0,0,0,0,0,0,0,1,0,0,0
Mahindra Quanto C8,-0.2073855894511956,-0.1846062169518575,1,0,0,0,0,0,0,0,0,0,0,0,0,0,0,0,1,0,0,0,0,0,0,0,0,0,0,0
Hyundai Santro Xing XL AT eRLX Euro III,-0.018830528016116628,1.2493885040134647,0,0,1,0,0,0,0,0,0,0,0,0,1,0,0,0,0,0,0,0,0,0,0,0,0,0,0,0
Honda City 1.5 V MT,-0.3645148073137614,0.5323911435308035,0,0,1,0,0,0,0,0,0,0,0,1,0,0,0,0,0,0,0,0,0,0,0,0,0,0,0,0
Mahindra Scorpio 2.6 CRDe,0.29542790770901495,1.2493885040134647,1,0,0,0,0,0,0,0,0,0,0,0,0,0,0,0,1,0,0,0,0,0,0,0,0,0,0,0
Maruti Suzuki Swift ZXi 1.2 BS IV,-0.7730507737564325,-0.6626044572736315,0,0,1,0,0,0,0,0,0,0,0,0,0,0,0,0,0,1,0,0,0,0,0,0,0,0,0,0
Hyundai Santro Xing GL,0.42113128199906763,1.4883876241743517,0,0,1,0,0,0,0,0,0,0,0,0,1,0,0,0,0,0,0,0,0,0,0,0,0,0,0,0
Nissan Micra XV,-0.17595974587868243,0.29339202336991654,0,0,1,0,0,0,0,0,0,0,0,0,0,0,0,0,0,0,0,0,0,1,0,0,0,0,0,0
Hyundai Santro Xing,0.106872846273936,2.205384984657013,0,0,1,0,0,0,0,0,0,0,0,0,1,0,0,0,0,0,0,0,0,0,0,0,0,0,0,0
Tata Sumo Grande MKII GX,1.3639065891744624,0.5323911435308035,1,0,0,0,0,0,0,0,0,0,0,0,0,0,0,0,0,0,0,0,0,0,0,0,1,0,0,0
Maruti Suzuki Zen LXi BS III,0.42113128199906763,2.205384984657013,0,0,1,0,0,0,0,0,0,0,0,0,0,0,0,0,0,1,0,0,0,0,0,0,0,0,0,0
Maruti Suzuki Zen LX BSII,1.678165024899594,1.9663858644961256,0,0,1,0,0,0,0,0,0,0,0,0,0,0,0,0,0,1,0,0,0,0,0,0,0,0,0,0
Mahindra Jeep CL550 MDI,-1.464419332351722,-1.6186009379171795,1,0,0,0,0,0,0,0,0,0,0,0,0,0,0,0,1,0,0,0,0,0,0,0,0,0,0,0
Mercedes Benz C Class 200 CDI Classic,-0.17595974587868243,2.4443841048178996,0,0,1,0,0,0,0,0,0,0,0,0,0,0,0,0,0,0,1,0,0,0,0,0,0,0,0,0
Tata Sumo Gold FX BSIII,1.678165024899594,-0.1846062169518575,0,0,1,0,0,0,0,0,0,0,0,0,0,0,0,0,0,0,0,0,0,0,0,0,1,0,0,0
Hyundai Santro AE GLS Audio,0.7353897177241993,2.205384984657013,0,0,1,0,0,0,0,0,0,0,0,0,1,0,0,0,0,0,0,0,0,0,0,0,0,0,0,0
Hyundai i20,-0.49021818160381403,0.7713902636916906,0,0,1,0,0,0,0,0,0,0,0,0,1,0,0,0,0,0,0,0,0,0,0,0,0,0,0,0
Renault Duster,0.106872846273936,-0.4236053371127445,1,0,0,0,0,0,0,0,0,0,0,0,0,0,0,0,0,0,0,0,0,0,1,0,0,0,0,0
Tata Indigo CS GLS,0.106872846273936,-1.1406026975954056,1,0,0,0,0,0,0,0,0,0,0,0,0,0,0,0,0,0,0,0,0,0,0,0,1,0,0,0
Tata Tiago Revotorq XZ,-1.464419332351722,-1.6186009379171795,0,0,1,0,0,0,0,0,0,0,0,0,0,0,0,0,0,0,0,0,0,0,0,0,1,0,0,0
Maruti Suzuki Wagon R LX BS III,0.773100730011215,1.4883876241743517,0,0,1,0,0,0,0,0,0,0,0,0,0,0,0,0,0,1,0,0,0,0,0,0,0,0,0,0
Maruti Suzuki Omni,-1.0244575223365378,0.054392903209029515,0,0,1,0,0,0,0,0,0,0,0,0,0,0,0,0,0,1,0,0,0,0,0,0,0,0,0,0
Hyundai Getz Prime 1.3 GVS,-0.8359024609014588,0.7713902636916906,0,0,1,0,0,0,0,0,0,0,0,0,1,0,0,0,0,0,0,0,0,0,0,0,0,0,0,0
Honda Mobilio S i DTEC,-0.08168221516114295,-0.4236053371127445,1,0,0,0,0,0,0,0,0,0,0,1,0,0,0,0,0,0,0,0,0,0,0,0,0,0,0,0
Honda City VX Petrol,1.5210358070370282,-0.9016035774345186,0,0,1,0,0,0,0,0,0,0,0,1,0,0,0,0,0,0,0,0,0,0,0,0,0,0,0,0
Maruti Suzuki Ertiga,0.2640020641365018,-0.9016035774345186,1,0,0,0,0,0,0,0,0,0,0,0,0,0,0,0,0,1,0,0,0,0,0,0,0,0,0,0
Hyundai i20 Magna O 1.2,-0.3645148073137614,-0.1846062169518575,0,0,1,0,0,0,0,0,0,0,0,0,1,0,0,0,0,0,0,0,0,0,0,0,0,0,0,0
Hyundai Elite i20 Magna 1.2,-0.5844957123213536,-0.6626044572736315,0,0,1,0,0,0,0,0,0,0,0,0,1,0,0,0,0,0,0,0,0,0,0,0,0,0,0,0
Maruti Suzuki Alto,-0.2073855894511956,1.7273867443352386,0,0,1,0,0,0,0,0,0,0,0,0,0,0,0,0,0,1,0,0,0,0,0,0,0,0,0,0
Hyundai Eon Era Plus,-0.6159215558938667,-0.1846062169518575,0,0,1,0,0,0,0,0,0,0,0,0,1,0,0,0,0,0,0,0,0,0,0,0,0,0,0,0
Maruti Suzuki Swift VDi,0.01259531555639653,0.29339202336991654,1,0,0,0,0,0,0,0,0,0,0,0,0,0,0,0,0,1,0,0,0,0,0,0,0,0,0,0
Maruti Suzuki Swift GLAM,-0.05025637158862979,0.7713902636916906,0,0,1,0,0,0,0,0,0,0,0,0,0,0,0,0,0,1,0,0,0,0,0,0,0,0,0,0
Hyundai Creta 1.6 SX Plus Petrol,-0.678773243038893,-0.9016035774345186,0,0,1,0,0,0,0,0,0,0,0,0,1,0,0,0,0,0,0,0,0,0,0,0,0,0,0,0
Maruti Suzuki Alto 800 Lx,0.7982414048692256,-1.1406026975954056,0,0,1,0,0,0,0,0,0,0,0,0,0,0,0,0,0,1,0,0,0,0,0,0,0,0,0,0
Hyundai Grand i10 Sportz O 1.2 Kappa VTVT,-0.8359024609014588,-0.4236053371127445,0,0,1,0,0,0,0,0,0,0,0,0,1,0,0,0,0,0,0,0,0,0,0,0,0,0,0,0
Maruti Suzuki Wagon R LXi BS III,-0.28727008381252406,-0.4236053371127445,0,0,1,0,0,0,0,0,0,0,0,0,0,0,0,0,0,1,0,0,0,0,0,0,0,0,0,0
Maruti Suzuki Alto LXi BS III,-0.4587923380313009,0.29339202336991654,0,0,1,0,0,0,0,0,0,0,0,0,0,0,0,0,0,1,0,0,0,0,0,0,0,0,0,0
Tata Indica V2 DLX BS III,1.0496481534493307,1.7273867443352386,1,0,0,0,0,0,0,0,0,0,0,0,0,0,0,0,0,0,0,0,0,0,0,0,1,0,0,0
Audi A8,-1.3387159580616694,-1.1406026975954056,0,0,1,1,0,0,0,0,0,0,0,0,0,0,0,0,0,0,0,0,0,0,0,0,0,0,0,0
Maruti Suzuki Ertiga VDi,1.3639065891744624,-0.1846062169518575,1,0,0,0,0,0,0,0,0,0,0,0,0,0,0,0,0,1,0,0,0,0,0,0,0,0,0,0
Hyundai Elite i20 Magna 1.2,-0.5216440251763271,-0.6626044572736315,0,0,1,0,0,0,0,0,0,0,0,0,1,0,0,0,0,0,0,0,0,0,0,0,0,0,0,0
Maruti Suzuki Swift Vdi BSIII,-0.9777272929442107,-1.1406026975954056,0,0,1,0,0,0,0,0,0,0,0,0,0,0,0,0,0,1,0,0,0,0,0,0,0,0,0,0
Audi Q5 2.0 TDI quattro Premium Plus,-0.39594065088627456,-0.4236053371127445,1,0,0,1,0,0,0,0,0,0,0,0,0,0,0,0,0,0,0,0,0,0,0,0,0,0,0,0
Maruti Suzuki Alto LXi BS III,-0.37771366161421693,0.5323911435308035,0,0,1,0,0,0,0,0,0,0,0,0,0,0,0,0,0,1,0,0,0,0,0,0,0,0,0,0
Honda City,0.2640020641365018,-0.6626044572736315,0,0,1,0,0,0,0,0,0,0,0,1,0,0,0,0,0,0,0,0,0,0,0,0,0,0,0,0
Hyundai i20 Asta 1.2,-1.1265915139472056,0.5323911435308035,0,0,1,0,0,0,0,0,0,0,0,0,1,0,0,0,0,0,0,0,0,0,0,0,0,0,0,0
Skoda Laura,-0.08168221516114295,0.054392903209029515,1,0,0,0,0,0,0,0,0,0,0,0,0,0,0,0,0,0,0,0,0,0,0,1,0,0,0,0
Maruti Suzuki Swift,0.2640020641365018,-0.4236053371127445,1,0,0,0,0,0,0,0,0,0,0,0,0,0,0,0,0,1,0,0,0,0,0,0,0,0,0,0
Mahindra Logan,0.5782604998616334,0.7713902636916906,1,0,0,0,0,0,0,0,0,0,0,0,0,0,0,0,1,0,0,0,0,0,0,0,0,0,0,0
Datsun Redi GO,-0.7730507737564325,-1.1406026975954056,0,0,1,0,0,0,1,0,0,0,0,0,0,0,0,0,0,0,0,0,0,0,0,0,0,0,0,0
Hyundai Santro Xing XS,-1.2287255055578732,1.7273867443352386,0,0,1,0,0,0,0,0,0,0,0,0,1,0,0,0,0,0,0,0,0,0,0,0,0,0,0,0
Maruti Suzuki Alto 800 Lxi,-1.3701418016341824,-1.3796018177562925,0,0,1,0,0,0,0,0,0,0,0,0,0,0,0,0,0,1,0,0,0,0,0,0,0,0,0,0
Maruti Suzuki Swift VDi BS IV,0.04420971419034477,0.054392903209029515,1,0,0,0,0,0,0,0,0,0,0,0,0,0,0,0,0,1,0,0,0,0,0,0,0,0,0,0
Ford EcoSport Titanium 1.5L TDCi,-0.2073855894511956,-0.4236053371127445,1,0,0,0,0,0,0,0,0,1,0,0,0,0,0,0,0,0,0,0,0,0,0,0,0,0,0,0
Maruti Suzuki Alto K10 VXi AT,-1.087309209481564,-0.6626044572736315,0,0,1,0,0,0,0,0,0,0,0,0,0,0,0,0,0,1,0,0,0,0,0,0,0,0,0,0
Toyota Corolla Altis 1.8 GL,0.7353897177241993,0.5323911435308035,0,0,1,0,0,0,0,0,0,0,0,0,0,0,0,0,0,0,0,0,0,0,0,0,0,1,0,0
Hyundai Eon D Lite Plus,1.269629058456923,-0.9016035774345186,0,0,1,0,0,0,0,0,0,0,0,0,1,0,0,0,0,0,0,0,0,0,0,0,0,0,0,0
Hyundai i20 Active 1.2 SX,-0.8987541480464851,-0.6626044572736315,0,0,1,0,0,0,0,0,0,0,0,0,1,0,0,0,0,0,0,0,0,0,0,0,0,0,0,0
Hyundai Elite i20 Magna 1.2,-0.8359024609014588,-0.6626044572736315,0,0,1,0,0,0,0,0,0,0,0,0,1,0,0,0,0,0,0,0,0,0,0,0,0,0,0,0
Maruti Suzuki Zen LXi BSII,0.20115037699147548,2.205384984657013,0,0,1,0,0,0,0,0,0,0,0,0,0,0,0,0,0,1,0,0,0,0,0,0,0,0,0,0
Mahindra Scorpio S4,-0.5216440251763271,-0.6626044572736315,1,0,0,0,0,0,0,0,0,0,0,0,0,0,0,0,1,0,0,0,0,0,0,0,0,0,0,0
Mahindra Scorpio SLX,1.0496481534493307,1.0103893838525775,1,0,0,0,0,0,0,0,0,0,0,0,0,0,0,0,1,0,0,0,0,0,0,0,0,0,0,0
Chevrolet Beat LS Petrol,-0.1131080587336561,0.5323911435308035,0,0,1,0,0,1,0,0,0,0,0,0,0,0,0,0,0,0,0,0,0,0,0,0,0,0,0,0
Mahindra XUV500,-0.9930316787640245,-0.6626044572736315,1,0,0,0,0,0,0,0,0,0,0,0,0,0,0,0,1,0,0,0,0,0,0,0,0,0,0,0
Maruti Suzuki Alto 800 Vxi,-0.23881143302370875,-0.6626044572736315,0,0,1,0,0,0,0,0,0,0,0,0,0,0,0,0,0,1,0,0,0,0,0,0,0,0,0,0
Maruti Suzuki Dzire,3.2494572035252522,-0.9016035774345186,1,0,0,0,0,0,0,0,0,0,0,0,0,0,0,0,0,1,0,0,0,0,0,0,0,0,0,0
Renault Duster 85 PS RxL Explore LE,0.5782604998616334,-0.6626044572736315,1,0,0,0,0,0,0,0,0,0,0,0,0,0,0,0,0,0,0,0,0,0,1,0,0,0,0,0
Mahindra XUV500,1.0496481534493307,-0.1846062169518575,1,0,0,0,0,0,0,0,0,0,0,0,0,0,0,0,1,0,0,0,0,0,0,0,0,0,0,0
Toyota Etios Liva GD,-0.8359024609014588,0.054392903209029515,1,0,0,0,0,0,0,0,0,0,0,0,0,0,0,0,0,0,0,0,0,0,0,0,0,1,0,0
Mahindra Scorpio,0.42499666075848674,0.29339202336991654,1,0,0,0,0,0,0,0,0,0,0,0,0,0,0,0,1,0,0,0,0,0,0,0,0,0,0,0
Land Rover Freelander 2 SE,-0.5216440251763271,-0.6626044572736315,1,0,0,0,0,0,0,0,0,0,0,0,0,0,0,1,0,0,0,0,0,0,0,0,0,0,0,0
Renault Duster 85 PS RxL Diesel,0.13829868984644916,-0.6626044572736315,1,0,0,0,0,0,0,0,0,0,0,0,0,0,0,0,0,0,0,0,0,0,1,0,0,0,0,0
Tata Indica V2 LS,0.5468346562891202,0.054392903209029515,1,0,0,0,0,0,0,0,0,0,0,0,0,0,0,0,0,0,0,0,0,0,0,0,1,0,0,0
Maruti Suzuki Estilo VXi ABS BS IV,0.5782604998616334,-0.1846062169518575,0,0,1,0,0,0,0,0,0,0,0,0,0,0,0,0,0,1,0,0,0,0,0,0,0,0,0,0
Maruti Suzuki Ritz LDi,-0.4273664944587877,-0.1846062169518575,1,0,0,0,0,0,0,0,0,0,0,0,0,0,0,0,0,1,0,0,0,0,0,0,0,0,0,0
Maruti Suzuki Alto 800,-1.3072901144891562,-0.6626044572736315,0,0,1,0,0,0,0,0,0,0,0,0,0,0,0,0,0,1,0,0,0,0,0,0,0,0,0,0
Maruti Suzuki Versa DX2 8 SEATER BSIII,0.106872846273936,1.9663858644961256,0,0,1,0,0,0,0,0,0,0,0,0,0,0,0,0,0,1,0,0,0,0,0,0,0,0,0,0
Hyundai Verna VGT CRDi SX ABS,0.04087857477165838,0.5323911435308035,1,0,0,0,0,0,0,0,0,0,0,0,1,0,0,0,0,0,0,0,0,0,0,0,0,0,0,0
Hyundai Grand i10 Magna 1.2 Kappa VTVT,-0.6159215558938667,-0.9016035774345186,0,0,1,0,0,0,0,0,0,0,0,0,1,0,0,0,0,0,0,0,0,0,0,0,0,0,0,0
Renault Kwid 1.0,-1.3972623046372614,-1.3796018177562925,0,0,1,0,0,0,0,0,0,0,0,0,0,0,0,0,0,0,0,0,0,0,1,0,0,0,0,0
Ford Ikon 1.3 Flair Josh 100,-0.018830528016116628,1.0103893838525775,0,0,1,0,0,0,0,0,0,1,0,0,0,0,0,0,0,0,0,0,0,0,0,0,0,0,0,0
Maruti Suzuki Omni E 8 STR BS IV,-1.2130125837716168,-1.1406026975954056,0,0,1,0,0,0,0,0,0,0,0,0,0,0,0,0,0,1,0,0,0,0,0,0,0,0,0,0
Maruti Suzuki Celerio VDi,-0.3016631201687351,-1.3796018177562925,0,0,1,0,0,0,0,0,0,0,0,0,0,0,0,0,0,1,0,0,0,0,0,0,0,0,0,0
Hyundai Eon,-0.678773243038893,-0.1846062169518575,0,0,1,0,0,0,0,0,0,0,0,0,1,0,0,0,0,0,0,0,0,0,0,0,0,0,0,0
Hyundai i20 Select Variant,-0.2073855894511956,0.29339202336991654,0,0,1,0,0,0,0,0,0,0,0,0,1,0,0,0,0,0,0,0,0,0,0,0,0,0,0,0
Maruti Suzuki Wagon R LX BS IV,-0.5315431659016688,-0.1846062169518575,0,0,1,0,0,0,0,0,0,0,0,0,0,0,0,0,0,1,0,0,0,0,0,0,0,0,0,0
Ford EcoSport Trend 1.5 Ti VCT,-1.1501608966265904,-1.1406026975954056,0,0,1,0,0,0,0,0,0,1,0,0,0,0,0,0,0,0,0,0,0,0,0,0,0,0,0,0
Mahindra Xylo D2 BS IV,0.29542790770901495,0.29339202336991654,1,0,0,0,0,0,0,0,0,0,0,0,0,0,0,0,1,0,0,0,0,0,0,0,0,0,0,0
Renault Scala RxL Diesel Travelogue,-0.678773243038893,-0.6626044572736315,1,0,0,0,0,0,0,0,0,0,0,0,0,0,0,0,0,0,0,0,0,0,1,0,0,0,0,0
Mahindra Scorpio S10,-0.2224071426788569,-0.9016035774345186,1,0,0,0,0,0,0,0,0,0,0,0,0,0,0,0,1,0,0,0,0,0,0,0,0,0,0,0
Volkswagen Polo Highline Exquisite P,0.42113128199906763,-0.4236053371127445,0,0,1,0,0,0,0,0,0,0,0,0,0,0,0,0,0,0,0,0,0,0,0,0,0,0,1,0
Skoda Fabia,-0.05025637158862979,0.7713902636916906,0,0,1,0,0,0,0,0,0,0,0,0,0,0,0,0,0,0,0,0,0,0,0,1,0,0,0,0
Hyundai Creta,0.42113128199906763,-0.9016035774345186,1,0,0,0,0,0,0,0,0,0,0,0,1,0,0,0,0,0,0,0,0,0,0,0,0,0,0,0
Ford EcoSport Titanium 1.5L TDCi,-0.33308896374124825,-0.4236053371127445,1,0,0,0,0,0,0,0,0,1,0,0,0,0,0,0,0,0,0,0,0,0,0,0,0,0,0,0
Hyundai i10 Magna 1.2,0.892518935586765,0.7713902636916906,0,0,1,0,0,0,0,0,0,0,0,0,1,0,0,0,0,0,0,0,0,0,0,0,0,0,0,0
Hyundai Accent GLE,0.2640020641365018,1.4883876241743517,0,0,1,0,0,0,0,0,0,0,0,0,1,0,0,0,0,0,0,0,0,0,0,0,0,0,0,0
Mahindra Scorpio W Turbo 2.6DX 9 Seater,0.5782604998616334,0.054392903209029515,1,0,0,0,0,0,0,0,0,0,0,0,0,0,0,0,1,0,0,0,0,0,0,0,0,0,0,0
Maruti Suzuki Alto 800 Lx,0.01259531555639653,1.7273867443352386,0,0,1,0,0,0,0,0,0,0,0,0,0,0,0,0,0,1,0,0,0,0,0,0,0,0,0,0
Mahindra XUV500,0.7982414048692256,-0.9016035774345186,1,0,0,0,0,0,0,0,0,0,0,0,0,0,0,0,1,0,0,0,0,0,0,0,0,0,0,0
Toyota Etios Liva G,0.2640020641365018,-0.4236053371127445,0,0,1,0,0,0,0,0,0,0,0,0,0,0,0,0,0,0,0,0,0,0,0,0,0,1,0,0
Skoda Rapid Elegance 1.6 TDI CR MT,0.04402115912890969,-0.1846062169518575,1,0,0,0,0,0,0,0,0,0,0,0,0,0,0,0,0,0,0,0,0,0,0,1,0,0,0,0
Maruti Suzuki Baleno Zeta 1.2,-1.4329934887792088,-1.3796018177562925,0,0,1,0,0,0,0,0,0,0,0,0,0,0,0,0,0,1,0,0,0,0,0,0,0,0,0,0
Chevrolet Beat LS Petrol,-0.43679424753054163,-0.6626044572736315,0,0,1,0,0,1,0,0,0,0,0,0,0,0,0,0,0,0,0,0,0,0,0,0,0,0,0,0
Maruti Suzuki Wagon R VXi BS III,-0.23881143302370875,-0.1846062169518575,0,0,1,0,0,0,0,0,0,0,0,0,0,0,0,0,0,1,0,0,0,0,0,0,0,0,0,0
Datsun Redi GO S,-1.2444384273441298,-1.3796018177562925,0,0,1,0,0,0,1,0,0,0,0,0,0,0,0,0,0,0,0,0,0,0,0,0,0,0,0,0
Audi A4 2.0 TDI 177bhp Premium,-0.2073855894511956,0.054392903209029515,1,0,0,1,0,0,0,0,0,0,0,0,0,0,0,0,0,0,0,0,0,0,0,0,0,0,0,0
Renault Duster 110PS Diesel RxZ,-0.3645148073137614,0.054392903209029515,1,0,0,0,0,0,0,0,0,0,0,0,0,0,0,0,0,0,0,0,0,0,1,0,0,0,0,0
Toyota Corolla H2,1.678165024899594,2.205384984657013,0,0,1,0,0,0,0,0,0,0,0,0,0,0,0,0,0,0,0,0,0,0,0,0,0,1,0,0
Tata Indica V2 Xeta e GLE,-1.1187350530540772,1.0103893838525775,0,0,1,0,0,0,0,0,0,0,0,0,0,0,0,0,0,0,0,0,0,0,0,0,1,0,0,0
Honda Amaze 1.5 SX i DTEC,-0.33308896374124825,-0.6626044572736315,1,0,0,0,0,0,0,0,0,0,0,1,0,0,0,0,0,0,0,0,0,0,0,0,0,0,0,0
Hyundai Creta 1.6 SX Plus Petrol,-0.4587923380313009,-1.1406026975954056,0,0,1,0,0,0,0,0,0,0,0,0,1,0,0,0,0,0,0,0,0,0,0,0,0,0,0,0
Maruti Suzuki Dzire,-0.2073855894511956,0.054392903209029515,0,0,1,0,0,0,0,0,0,0,0,0,0,0,0,0,0,1,0,0,0,0,0,0,0,0,0,0
Chevrolet Sail 1.2 LS,-0.5844957123213536,-0.1846062169518575,0,0,1,0,0,1,0,0,0,0,0,0,0,0,0,0,0,0,0,0,0,0,0,0,0,0,0,0
Maruti Suzuki Eeco 7 STR,0.7353897177241993,-0.1846062169518575,0,1,0,0,0,0,0,0,0,0,0,0,0,0,0,0,0,1,0,0,0,0,0,0,0,0,0,0
Tata Zest XE 75 PS Diesel,1.7898210471127332,-1.3796018177562925,1,0,0,0,0,0,0,0,0,0,0,0,0,0,0,0,0,0,0,0,0,0,0,0,1,0,0,0
Mahindra Jeep MM 550 XDB,-1.4625337817373711,-1.6186009379171795,1,0,0,0,0,0,0,0,0,0,0,0,0,0,0,0,1,0,0,0,0,0,0,0,0,0,0,0
Mercedes Benz C Class 200 K MT,-0.9930316787640245,1.4883876241743517,0,0,1,0,0,0,0,0,0,0,0,0,0,0,0,0,0,0,1,0,0,0,0,0,0,0,0,0
Chevrolet Spark LT 1.0,-0.05025637158862979,0.5323911435308035,0,0,1,0,0,1,0,0,0,0,0,0,0,0,0,0,0,0,0,0,0,0,0,0,0,0,0,0
Ford EcoSport Trend 1.5L Ti VCT,0.01259531555639653,-0.4236053371127445,0,0,1,0,0,0,0,0,0,1,0,0,0,0,0,0,0,0,0,0,0,0,0,0,0,0,0,0
Datsun GO T O,-1.2444384273441298,-0.9016035774345186,0,0,1,0,0,0,1,0,0,0,0,0,0,0,0,0,0,0,0,0,0,0,0,0,0,0,0,0
Honda City 1.5 S Inspire,0.6725380305791729,1.7273867443352386,0,0,1,0,0,0,0,0,0,0,0,1,0,0,0,0,0,0,0,0,0,0,0,0,0,0,0,0
Maruti Suzuki Swift LDi,-0.14453390230616928,-0.6626044572736315,1,0,0,0,0,0,0,0,0,0,0,0,0,0,0,0,0,1,0,0,0,0,0,0,0,0,0,0
Jeep Wrangler Unlimited 4x4 Diesel,-1.3535489562278955,-0.6626044572736315,1,0,0,0,0,0,0,0,0,0,0,0,0,0,1,0,0,0,0,0,0,0,0,0,0,0,0,0
Maruti Suzuki Ertiga,-0.23881143302370875,0.054392903209029515,1,0,0,0,0,0,0,0,0,0,0,0,0,0,0,0,0,1,0,0,0,0,0,0,0,0,0,0
Tata Indica eV2 eXeta eGLX,0.2640020641365018,0.054392903209029515,1,0,0,0,0,0,0,0,0,0,0,0,0,0,0,0,0,0,0,0,0,0,0,0,1,0,0,0
Tata Manza,1.678165024899594,-0.6626044572736315,1,0,0,0,0,0,0,0,0,0,0,0,0,0,0,0,0,0,0,0,0,0,0,0,1,0,0,0
Hyundai Getz GLE,0.2640020641365018,1.2493885040134647,0,0,1,0,0,0,0,0,0,0,0,0,1,0,0,0,0,0,0,0,0,0,0,0,0,0,0,0
Hyundai Eon Era Plus,-0.5719253748923483,-0.4236053371127445,0,0,1,0,0,0,0,0,0,0,0,0,1,0,0,0,0,0,0,0,0,0,0,0,0,0,0,0
Honda City 1.5 EXi New,0.106872846273936,1.7273867443352386,0,0,1,0,0,0,0,0,0,0,0,1,0,0,0,0,0,0,0,0,0,0,0,0,0,0,0,0
Tata Nano LX Special Edition,0.044272565877489796,0.5323911435308035,0,0,1,0,0,0,0,0,0,0,0,0,0,0,0,0,0,0,0,0,0,0,0,0,1,0,0,0
Maruti Suzuki Wagon R LXi BS III,0.2599167044720751,0.5323911435308035,0,0,1,0,0,0,0,0,0,0,0,0,0,0,0,0,0,1,0,0,0,0,0,0,0,0,0,0
Tata Nano,-1.2507235960586325,-0.1846062169518575,0,0,1,0,0,0,0,0,0,0,0,0,0,0,0,0,0,0,0,0,0,0,0,0,1,0,0,0
Maruti Suzuki Swift VDi ABS,0.8610930920142519,0.5323911435308035,1,0,0,0,0,0,0,0,0,0,0,0,0,0,0,0,0,1,0,0,0,0,0,0,0,0,0,0
Maruti Suzuki Wagon R LXI BS IV,-0.3645148073137614,0.29339202336991654,0,0,1,0,0,0,0,0,0,0,0,0,0,0,0,0,0,1,0,0,0,0,0,0,0,0,0,0
Hyundai Sonata Transform 2.4 GDi MT,-0.31835024310573956,-1.1406026975954056,1,0,0,0,0,0,0,0,0,0,0,0,1,0,0,0,0,0,0,0,0,0,0,0,0,0,0,0
Mercedes Benz B Class B180 Sports,-0.49021818160381403,-0.4236053371127445,0,0,1,0,0,0,0,0,0,0,0,0,0,0,0,0,0,0,1,0,0,0,0,0,0,0,0,0
Toyota Innova 2.0 G4,1.0496481534493307,0.054392903209029515,1,0,0,0,0,0,0,0,0,0,0,0,0,0,0,0,0,0,0,0,0,0,0,0,0,1,0,0
Maruti Suzuki Swift Dzire Tour VXi,-1.4623766525195085,0.29339202336991654,0,0,1,0,0,0,0,0,0,0,0,0,0,0,0,0,0,1,0,0,0,0,0,0,0,0,0,0
Hyundai Verna 1.6 CRDI E,0.29542790770901495,-0.9016035774345186,1,0,0,0,0,0,0,0,0,0,0,0,1,0,0,0,0,0,0,0,0,0,0,0,0,0,0,0
Maruti Suzuki Swift LDi,1.3639065891744624,0.7713902636916906,1,0,0,0,0,0,0,0,0,0,0,0,0,0,0,0,0,1,0,0,0,0,0,0,0,0,0,0
Hyundai Elite i20 Asta 1.2,-0.5216440251763271,-0.6626044572736315,0,0,1,0,0,0,0,0,0,0,0,0,1,0,0,0,0,0,0,0,0,0,0,0,0,0,0,0
Mahindra Quanto C8,-0.3016631201687351,-0.1846062169518575,1,0,0,0,0,0,0,0,0,0,0,0,0,0,0,0,1,0,0,0,0,0,0,0,0,0,0,0
Tata Indica eV2 LS,1.4016176014614783,-0.9016035774345186,1,0,0,0,0,0,0,0,0,0,0,0,0,0,0,0,0,0,0,0,0,0,0,0,1,0,0,0
Mahindra Scorpio SLX 2.6 Turbo 8 Str,0.7353897177241993,1.0103893838525775,1,0,0,0,0,0,0,0,0,0,0,0,0,0,0,0,1,0,0,0,0,0,0,0,0,0,0,0
Ford EcoSport Titanium 1.5L TDCi,-0.5216440251763271,-0.9016035774345186,1,0,0,0,0,0,0,0,0,1,0,0,0,0,0,0,0,0,0,0,0,0,0,0,0,0,0,0
Chevrolet Tavera LS B3 10 Seats BSII,0.6877795647118418,1.7273867443352386,1,0,0,0,0,1,0,0,0,0,0,0,0,0,0,0,0,0,0,0,0,0,0,0,0,0,0,0
Maruti Suzuki Omni 8 STR BS III,0.29542790770901495,0.7713902636916906,0,0,1,0,0,0,0,0,0,0,0,0,0,0,0,0,0,1,0,0,0,0,0,0,0,0,0,0
Honda Amaze 1.5 S i DTEC,-0.05025637158862979,-0.1846062169518575,1,0,0,0,0,0,0,0,0,0,0,1,0,0,0,0,0,0,0,0,0,0,0,0,0,0,0,0
Maruti Suzuki Ritz VDi,0.8032695398408276,0.5323911435308035,1,0,0,0,0,0,0,0,0,0,0,0,0,0,0,0,0,1,0,0,0,0,0,0,0,0,0,0
Hyundai Eon D Lite Plus,-0.678773243038893,-1.3796018177562925,0,0,1,0,0,0,0,0,0,0,0,0,1,0,0,0,0,0,0,0,0,0,0,0,0,0,0,0
Chevrolet Beat LS Diesel,-0.49021818160381403,-0.4236053371127445,1,0,0,0,0,1,0,0,0,0,0,0,0,0,0,0,0,0,0,0,0,0,0,0,0,0,0,0
Honda City 1.5 EXi New,0.6725380305791729,1.7273867443352386,0,0,1,0,0,0,0,0,0,0,0,1,0,0,0,0,0,0,0,0,0,0,0,0,0,0,0,0
Chevrolet Beat LT Diesel,-0.05025637158862979,0.054392903209029515,1,0,0,0,0,1,0,0,0,0,0,0,0,0,0,0,0,0,0,0,0,0,0,0,0,0,0,0
Toyota Innova 2.5 GX BS IV 7 STR,1.6467391813270809,0.054392903209029515,1,0,0,0,0,0,0,0,0,0,0,0,0,0,0,0,0,0,0,0,0,0,0,0,0,1,0,0
Maruti Suzuki Wagon R VXI BS IV,-0.7416249301839193,-1.1406026975954056,0,0,1,0,0,0,0,0,0,0,0,0,0,0,0,0,0,1,0,0,0,0,0,0,0,0,0,0
Hyundai Eon,-0.678773243038893,-1.3796018177562925,0,0,1,0,0,0,0,0,0,0,0,0,1,0,0,0,0,0,0,0,0,0,0,0,0,0,0,0
Mahindra Scorpio,-0.7730507737564325,-0.6626044572736315,1,0,0,0,0,0,0,0,0,0,0,0,0,0,0,0,1,0,0,0,0,0,0,0,0,0,0,0
Skoda Fabia 1.2L Diesel Ambiente,-0.2639521078817193,0.29339202336991654,1,0,0,0,0,0,0,0,0,0,0,0,0,0,0,0,0,0,0,0,0,0,0,1,0,0,0,0
Hyundai Fluidic Verna 1.6 CRDi SX,-0.27023727659622193,-0.6626044572736315,1,0,0,0,0,0,0,0,0,0,0,0,1,0,0,0,0,0,0,0,0,0,0,0,0,0,0,0
Maruti Suzuki Ritz GENUS VXI,-0.2073855894511956,0.5323911435308035,0,0,1,0,0,0,0,0,0,0,0,0,0,0,0,0,0,1,0,0,0,0,0,0,0,0,0,0
Maruti Suzuki Alto 800,-1.3874260155990648,-0.9016035774345186,0,0,1,0,0,0,0,0,0,0,0,0,0,0,0,0,0,1,0,0,0,0,0,0,0,0,0,0
Maruti Suzuki Wagon R 1.0,-0.05025637158862979,2.205384984657013,0,0,1,0,0,0,0,0,0,0,0,0,0,0,0,0,0,1,0,0,0,0,0,0,0,0,0,0
Ford EcoSport Trend 1.5L TDCi,-0.9616058351915114,-0.4236053371127445,0,0,1,0,0,0,0,0,0,1,0,0,0,0,0,0,0,0,0,0,0,0,0,0,0,0,0,0
Mahindra XUV500 W10,-0.17595974587868243,-0.9016035774345186,1,0,0,0,0,0,0,0,0,0,0,0,0,0,0,0,1,0,0,0,0,0,0,0,0,0,0,0
Nissan Sunny XL,0.16972453341896232,0.29339202336991654,0,0,1,0,0,0,0,0,0,0,0,0,0,0,0,0,0,0,0,0,0,1,0,0,0,0,0,0
Mitsubishi Pajero Sport Limited Edition,-0.12599265459838652,-0.6626044572736315,1,0,0,0,0,0,0,0,0,0,0,0,0,0,0,0,0,0,0,0,1,0,0,0,0,0,0,0
Skoda Fabia Classic 1.2 MPI,0.42113128199906763,0.5323911435308035,0,0,1,0,0,0,0,0,0,0,0,0,0,0,0,0,0,0,0,0,0,0,0,1,0,0,0,0
Mahindra Scorpio LX BS III,1.5367487288232848,0.7713902636916906,1,0,0,0,0,0,0,0,0,0,0,0,0,0,0,0,1,0,0,0,0,0,0,0,0,0,0,0
Honda Amaze,-0.018830528016116628,-0.1846062169518575,1,0,0,0,0,0,0,0,0,0,0,1,0,0,0,0,0,0,0,0,0,0,0,0,0,0,0,0
Force Motors One SUV,2.9351987678001206,-0.1846062169518575,1,0,0,0,0,0,0,0,1,0,0,0,0,0,0,0,0,0,0,0,0,0,0,0,0,0,0,0
Toyota Corolla Altis 1.8 J,-0.14453390230616928,-0.6626044572736315,0,0,1,0,0,0,0,0,0,0,0,0,0,0,0,0,0,0,0,0,0,0,0,0,0,1,0,0
Mahindra Scorpio,-0.05025637158862979,-0.6626044572736315,1,0,0,0,0,0,0,0,0,0,0,0,0,0,0,0,1,0,0,0,0,0,0,0,0,0,0,0
Volkswagen Vento Konekt Diesel Highline,0.5782604998616334,0.29339202336991654,1,0,0,0,0,0,0,0,0,0,0,0,0,0,0,0,0,0,0,0,0,0,0,0,0,0,1,0
Maruti Suzuki Ertiga LDi,0.04402115912890969,-0.1846062169518575,1,0,0,0,0,0,0,0,0,0,0,0,0,0,0,0,0,1,0,0,0,0,0,0,0,0,0,0
Volkswagen Vento Comfortline Petrol,-0.02093605953547501,0.29339202336991654,0,0,1,0,0,0,0,0,0,0,0,0,0,0,0,0,0,0,0,0,0,0,0,0,0,0,1,0
Hyundai Accent Executive Edition,0.04402115912890969,0.7713902636916906,0,0,1,0,0,0,0,0,0,0,0,0,1,0,0,0,0,0,0,0,0,0,0,0,0,0,0,0
Mahindra Quanto C8,-0.8359024609014588,-0.1846062169518575,1,0,0,0,0,0,0,0,0,0,0,0,0,0,0,0,1,0,0,0,0,0,0,0,0,0,0,0
Maruti Suzuki Omni LPG BS IV,3.563715639250384,0.054392903209029515,0,1,0,0,0,0,0,0,0,0,0,0,0,0,0,0,0,1,0,0,0,0,0,0,0,0,0,0
Ford Endeavor 4x4 Thunder Plus,-1.1815867401991036,-1.6186009379171795,1,0,0,0,0,0,0,0,0,1,0,0,0,0,0,0,0,0,0,0,0,0,0,0,0,0,0,0
Tata Indica V2 eLS,-0.8359024609014588,1.4883876241743517,0,0,1,0,0,0,0,0,0,0,0,0,0,0,0,0,0,0,0,0,0,0,0,0,1,0,0,0
Toyota Etios Liva Diesel,1.2067773713118966,0.054392903209029515,1,0,0,0,0,0,0,0,0,0,0,0,0,0,0,0,0,0,0,0,0,0,0,0,0,1,0,0
Maruti Suzuki Swift VDi,0.6411121870066597,0.5323911435308035,1,0,0,0,0,0,0,0,0,0,0,0,0,0,0,0,0,1,0,0,0,0,0,0,0,0,0,0
Maruti Suzuki Alto 800 Lxi,-1.0244575223365378,-0.6626044572736315,0,0,1,0,0,0,0,0,0,0,0,0,0,0,0,0,0,1,0,0,0,0,0,0,0,0,0,0
Hyundai Verna Fluidic 1.6 VTVT SX,-0.05025637158862979,-0.1846062169518575,1,0,0,0,0,0,0,0,0,0,0,0,1,0,0,0,0,0,0,0,0,0,0,0,0,0,0,0
Hyundai Santro Xing XL eRLX Euro III,-0.14453390230616928,1.2493885040134647,0,0,1,0,0,0,0,0,0,0,0,0,1,0,0,0,0,0,0,0,0,0,0,0,0,0,0,0
Maruti Suzuki Maruti 800 Std â Befo,0.2640020641365018,4.117377945944109,0,0,1,0,0,0,0,0,0,0,0,0,0,0,0,0,0,1,0,0,0,0,0,0,0,0,0,0
Maruti Suzuki Ertiga VDi,0.13829868984644916,0.054392903209029515,1,0,0,0,0,0,0,0,0,0,0,0,0,0,0,0,0,1,0,0,0,0,0,0,0,0,0,0
Tata Indigo eCS LX TDI BS III,4.048616405574262,-0.9016035774345186,1,0,0,0,0,0,0,0,0,0,0,0,0,0,0,0,0,0,0,0,0,0,0,0,1,0,0,0
Hyundai Santro,0.13829868984644916,2.205384984657013,0,0,1,0,0,0,0,0,0,0,0,0,1,0,0,0,0,0,0,0,0,0,0,0,0,0,0,0
Mahindra Xylo D2,0.48398296914409394,0.7713902636916906,1,0,0,0,0,0,0,0,0,0,0,0,0,0,0,0,1,0,0,0,0,0,0,0,0,0,0,0
Maruti Suzuki Alto K10 New,-1.1690164027700982,-1.1406026975954056,0,0,1,0,0,0,0,0,0,0,0,0,0,0,0,0,0,1,0,0,0,0,0,0,0,0,0,0
Maruti Suzuki Wagon R,-0.08168221516114295,0.054392903209029515,0,0,1,0,0,0,0,0,0,0,0,0,0,0,0,0,0,1,0,0,0,0,0,0,0,0,0,0
Honda City,-0.5216440251763271,-0.6626044572736315,1,0,0,0,0,0,0,0,0,0,0,1,0,0,0,0,0,0,0,0,0,0,0,0,0,0,0,0
Maruti Suzuki Zen Estilo LXI Green CNG,-0.018830528016116628,1.0103893838525775,0,0,1,0,0,0,0,0,0,0,0,0,0,0,0,0,0,1,0,0,0,0,0,0,0,0,0,0
Maruti Suzuki Dzire,-0.14453390230616928,0.7713902636916906,0,0,1,0,0,0,0,0,0,0,0,0,0,0,0,0,0,1,0,0,0,0,0,0,0,0,0,0
Maruti Suzuki S Cross Sigma 1.3,-0.8044766173289456,-0.9016035774345186,1,0,0,0,0,0,0,0,0,0,0,0,0,0,0,0,0,1,0,0,0,0,0,0,0,0,0,0
Ford Figo Duratorq Diesel Titanium 1.4,1.6467391813270809,0.054392903209029515,1,0,0,0,0,0,0,0,0,1,0,0,0,0,0,0,0,0,0,0,0,0,0,0,0,0,0,0
Chevrolet Beat LS Diesel,1.5210358070370282,-0.9016035774345186,1,0,0,0,0,1,0,0,0,0,0,0,0,0,0,0,0,0,0,0,0,0,0,0,0,0,0,0
Mahindra TUV300 T4 Plus,0.6725380305791729,-1.1406026975954056,1,0,0,0,0,0,0,0,0,0,0,0,0,0,0,0,1,0,0,0,0,0,0,0,0,0,0,0
Honda City VX O MT Diesel,0.16972453341896232,-0.9016035774345186,1,0,0,0,0,0,0,0,0,0,0,1,0,0,0,0,0,0,0,0,0,0,0,0,0,0,0,0
Renault Duster,-0.17595974587868243,-0.1846062169518575,1,0,0,0,0,0,0,0,0,0,0,0,0,0,0,0,0,0,0,0,0,0,1,0,0,0,0,0
Nissan Micra XL,0.4996958909303505,-1.1406026975954056,1,0,0,0,0,0,0,0,0,0,0,0,0,0,0,0,0,0,0,0,0,1,0,0,0,0,0,0
Mahindra Scorpio S10,1.5901726628965571,-0.6626044572736315,1,0,0,0,0,0,0,0,0,0,0,0,0,0,0,0,1,0,0,0,0,0,0,0,0,0,0,0
Maruti Suzuki Alto AX,-1.413352336546388,-1.6186009379171795,0,0,1,0,0,0,0,0,0,0,0,0,0,0,0,0,0,1,0,0,0,0,0,0,0,0,0,0
Honda Amaze 1.2 S i VTEC,-0.4273664944587877,-0.4236053371127445,0,0,1,0,0,0,0,0,0,0,0,1,0,0,0,0,0,0,0,0,0,0,0,0,0,0,0,0
Mahindra Bolero Power Plus SLE,-1.4078528139211983,-1.3796018177562925,1,0,0,0,0,0,0,0,0,0,0,0,0,0,0,0,1,0,0,0,0,0,0,0,0,0,0,0
Chevrolet Beat Diesel,0.48398296914409394,-1.1406026975954056,1,0,0,0,0,1,0,0,0,0,0,0,0,0,0,0,0,0,0,0,0,0,0,0,0,0,0,0
Hyundai Eon Magna Plus,-0.3645148073137614,-0.4236053371127445,0,0,1,0,0,0,0,0,0,0,0,0,1,0,0,0,0,0,0,0,0,0,0,0,0,0,0,0
Renault Kwid,-1.1187350530540772,-0.9016035774345186,0,0,1,0,0,0,0,0,0,0,0,0,0,0,0,0,0,0,0,0,0,0,1,0,0,0,0,0
Volkswagen Polo,-0.27023727659622193,-0.6626044572736315,1,0,0,0,0,0,0,0,0,0,0,0,0,0,0,0,0,0,0,0,0,0,0,0,0,0,1,0
Mini Cooper S,-1.055883365909051,-0.1846062169518575,0,0,1,0,0,0,0,0,0,0,0,0,0,0,0,0,0,0,0,1,0,0,0,0,0,0,0,0
Maruti Suzuki Dzire ZXI,-0.3645148073137614,-0.1846062169518575,0,0,1,0,0,0,0,0,0,0,0,0,0,0,0,0,0,1,0,0,0,0,0,0,0,0,0,0
Renault Duster,0.07544700270142285,-0.6626044572736315,1,0,0,0,0,0,0,0,0,0,0,0,0,0,0,0,0,0,0,0,0,0,1,0,0,0,0,0
Mitsubishi Lancer 1.8 LXi,0.106872846273936,1.4883876241743517,0,0,1,0,0,0,0,0,0,0,0,0,0,0,0,0,0,0,0,0,1,0,0,0,0,0,0,0
Hyundai Santro Xing XL eRLX Euro III,0.5782604998616334,1.2493885040134647,0,0,1,0,0,0,0,0,0,0,0,0,1,0,0,0,0,0,0,0,0,0,0,0,0,0,0,0
Maruti Suzuki Swift RS VDI,-0.2545243548099653,0.5323911435308035,1,0,0,0,0,0,0,0,0,0,0,0,0,0,0,0,0,1,0,0,0,0,0,0,0,0,0,0
Hindustan Motors Ambassador,-0.678773243038893,2.4443841048178996,1,0,0,0,0,0,0,0,0,0,1,0,0,0,0,0,0,0,0,0,0,0,0,0,0,0,0,0
Mahindra Scorpio SLX,0.42113128199906763,1.9663858644961256,1,0,0,0,0,0,0,0,0,0,0,0,0,0,0,0,1,0,0,0,0,0,0,0,0,0,0,0
Maruti Suzuki Wagon R 1.0 VXi,-0.8359024609014588,-0.9016035774345186,0,0,1,0,0,0,0,0,0,0,0,0,0,0,0,0,0,1,0,0,0,0,0,0,0,0,0,0
Renault Scala RxL Diesel,0.07544700270142285,-0.4236053371127445,1,0,0,0,0,0,0,0,0,0,0,0,0,0,0,0,0,0,0,0,0,0,1,0,0,0,0,0
Hyundai Eon D Lite Plus,-0.8359024609014588,-0.1846062169518575,0,0,1,0,0,0,0,0,0,0,0,0,1,0,0,0,0,0,0,0,0,0,0,0,0,0,0,0
Mahindra KUV100,-0.3645148073137614,-1.1406026975954056,1,0,0,0,0,0,0,0,0,0,0,0,0,0,0,0,1,0,0,0,0,0,0,0,0,0,0,0
Hyundai Elite i20,-0.49021818160381403,-1.1406026975954056,0,0,1,0,0,0,0,0,0,0,0,0,1,0,0,0,0,0,0,0,0,0,0,0,0,0,0,0
Maruti Suzuki Omni 8 STR BS III,-0.05025637158862979,0.7713902636916906,0,0,1,0,0,0,0,0,0,0,0,0,0,0,0,0,0,1,0,0,0,0,0,0,0,0,0,0
Honda Amaze,0.28600015463726103,-0.1846062169518575,1,0,0,0,0,0,0,0,0,0,0,1,0,0,0,0,0,0,0,0,0,0,0,0,0,0,0,0
Toyota Qualis,1.678165024899594,2.205384984657013,1,0,0,0,0,0,0,0,0,0,0,0,0,0,0,0,0,0,0,0,0,0,0,0,0,1,0,0
Ford Ikon 1.6 Nxt,0.106872846273936,2.205384984657013,0,0,1,0,0,0,0,0,0,1,0,0,0,0,0,0,0,0,0,0,0,0,0,0,0,0,0,0
Hyundai Grand i10,-1.2500636533436098,-1.1406026975954056,0,0,1,0,0,0,0,0,0,0,0,0,1,0,0,0,0,0,0,0,0,0,0,0,0,0,0,0
BMW X1 xDrive20d xLine,0.7982414048692256,0.29339202336991654,1,0,0,0,1,0,0,0,0,0,0,0,0,0,0,0,0,0,0,0,0,0,0,0,0,0,0,0
Tata Venture EX 8 STR,-0.5216440251763271,-0.1846062169518575,1,0,0,0,0,0,0,0,0,0,0,0,0,0,0,0,0,0,0,0,0,0,0,0,1,0,0,0
Hindustan Motors Ambassador,4.82074938215091,2.9223823451396735,1,0,0,0,0,0,0,0,0,0,1,0,0,0,0,0,0,0,0,0,0,0,0,0,0,0,0,0
Mahindra Scorpio VLX Special Edition BS III,3.563715639250384,1.9663858644961256,1,0,0,0,0,0,0,0,0,0,0,0,0,0,0,0,1,0,0,0,0,0,0,0,0,0,0,0
Maruti Suzuki Zen LXi BS III,-0.4587923380313009,1.4883876241743517,0,0,1,0,0,0,0,0,0,0,0,0,0,0,0,0,0,1,0,0,0,0,0,0,0,0,0,0
Toyota Corolla Altis GL Petrol,0.35827959485404126,0.5323911435308035,0,0,1,0,0,0,0,0,0,0,0,0,0,0,0,0,0,0,0,0,0,0,0,0,0,1,0,0
Honda Accord,0.37584664141107615,0.7713902636916906,0,0,1,0,0,0,0,0,0,0,0,1,0,0,0,0,0,0,0,0,0,0,0,0,0,0,0,0
Volkswagen Vento Comfortline Diesel,1.5210358070370282,0.29339202336991654,1,0,0,0,0,0,0,0,0,0,0,0,0,0,0,0,0,0,0,0,0,0,0,0,0,0,1,0
Maruti Suzuki Alto K10 VXi,-0.7730507737564325,-0.4236053371127445,0,0,1,0,0,0,0,0,0,0,0,0,0,0,0,0,0,1,0,0,0,0,0,0,0,0,0,0
Maruti Suzuki Vitara Brezza LDi O,-0.678773243038893,-0.9016035774345186,1,0,0,0,0,0,0,0,0,0,0,0,0,0,0,0,0,1,0,0,0,0,0,0,0,0,0,0
Mahindra KUV100,-0.6316344776801233,-0.9016035774345186,0,0,1,0,0,0,0,0,0,0,0,0,0,0,0,0,1,0,0,0,0,0,0,0,0,0,0,0
Honda City,-1.3701418016341824,-1.1406026975954056,0,0,1,0,0,0,0,0,0,0,0,1,0,0,0,0,0,0,0,0,0,0,0,0,0,0,0,0
Volkswagen Polo,0.42113128199906763,0.5323911435308035,1,0,0,0,0,0,0,0,0,0,0,0,0,0,0,0,0,0,0,0,0,0,0,0,0,0,1,0
Chevrolet Spark LT 1.0 Airbag,-0.08168221516114295,0.7713902636916906,0,0,1,0,0,1,0,0,0,0,0,0,0,0,0,0,0,0,0,0,0,0,0,0,0,0,0,0
Mahindra XUV500 W6,0.10058767755943337,-0.1846062169518575,1,0,0,0,0,0,0,0,0,0,0,0,0,0,0,0,1,0,0,0,0,0,0,0,0,0,0,0
Maruti Suzuki Swift VXI BSIII,0.48398296914409394,1.2493885040134647,0,0,1,0,0,0,0,0,0,0,0,0,0,0,0,0,0,1,0,0,0,0,0,0,0,0,0,0
Chevrolet Beat LS Petrol,0.29542790770901495,0.5323911435308035,0,0,1,0,0,1,0,0,0,0,0,0,0,0,0,0,0,0,0,0,0,0,0,0,0,0,0,0
Maruti Suzuki Alto 800 Lx,-1.4172805669929522,-1.6186009379171795,0,0,1,0,0,0,0,0,0,0,0,0,0,0,0,0,0,1,0,0,0,0,0,0,0,0,0,0
Hyundai Eon D Lite Plus,-0.3645148073137614,-1.3796018177562925,0,0,1,0,0,0,0,0,0,0,0,0,1,0,0,0,0,0,0,0,0,0,0,0,0,0,0,0
Tata Indigo CS eLX BS IV,1.8038683991896467,-0.9016035774345186,1,0,0,0,0,0,0,0,0,0,0,0,0,0,0,0,0,0,0,0,0,0,0,0,1,0,0,0
Mahindra Bolero DI BSII,0.4043498815313456,0.054392903209029515,1,0,0,0,0,0,0,0,0,0,0,0,0,0,0,0,1,0,0,0,0,0,0,0,0,0,0,0
Maruti Suzuki Swift Dzire VXi 1.2 BS IV,0.5468346562891202,0.29339202336991654,0,0,1,0,0,0,0,0,0,0,0,0,0,0,0,0,0,1,0,0,0,0,0,0,0,0,0,0
Hyundai Elite i20,-1.3984250608494444,-1.3796018177562925,0,0,1,0,0,0,0,0,0,0,0,0,1,0,0,0,0,0,0,0,0,0,0,0,0,0,0,0
Maruti Suzuki Ritz,-0.27023727659622193,0.5323911435308035,1,0,0,0,0,0,0,0,0,0,0,0,0,0,0,0,0,1,0,0,0,0,0,0,0,0,0,0
Tata Tiago Revotron XZ,-0.49021818160381403,-1.1406026975954056,0,0,1,0,0,0,0,0,0,0,0,0,0,0,0,0,0,0,0,0,0,0,0,0,1,0,0,0
Maruti Suzuki Alto 800 Lxi,0.106872846273936,-0.6626044572736315,0,0,1,0,0,0,0,0,0,0,0,0,0,0,0,0,0,1,0,0,0,0,0,0,0,0,0,0
Tata Indica V2 DLS BS III,-0.5027885190328193,0.7713902636916906,1,0,0,0,0,0,0,0,0,0,0,0,0,0,0,0,0,0,0,0,0,0,0,0,1,0,0,0
Mahindra Scorpio 2.6 SLX,0.35827959485404126,1.9663858644961256,1,0,0,0,0,0,0,0,0,0,0,0,0,0,0,0,1,0,0,0,0,0,0,0,0,0,0,0
Maruti Suzuki Swift Dzire VDi,0.13829868984644916,-0.9016035774345186,1,0,0,0,0,0,0,0,0,0,0,0,0,0,0,0,0,1,0,0,0,0,0,0,0,0,0,0
Hyundai Grand i10 Asta 1.1 CRDi,0.07544700270142285,-0.4236053371127445,1,0,0,0,0,0,0,0,0,0,0,0,1,0,0,0,0,0,0,0,0,0,0,0,0,0,0,0
Honda Mobilio,-0.08168221516114295,-0.4236053371127445,0,0,1,0,0,0,0,0,0,0,0,1,0,0,0,0,0,0,0,0,0,0,0,0,0,0,0,0
Mahindra Scorpio SLE BS IV,0.48398296914409394,0.054392903209029515,1,0,0,0,0,0,0,0,0,0,0,0,0,0,0,0,1,0,0,0,0,0,0,0,0,0,0,0
Hyundai Santro Xing GLS,0.3268537512815281,-0.4236053371127445,0,0,1,0,0,0,0,0,0,0,0,0,1,0,0,0,0,0,0,0,0,0,0,0,0,0,0,0
Maruti Suzuki Dzire,-0.018830528016116628,-0.1846062169518575,1,0,0,0,0,0,0,0,0,0,0,0,0,0,0,0,0,1,0,0,0,0,0,0,0,0,0,0
BMW 3 Series 320d Sedan,-0.3645148073137614,0.29339202336991654,1,0,0,0,1,0,0,0,0,0,0,0,0,0,0,0,0,0,0,0,0,0,0,0,0,0,0,0
Volkswagen Passat Diesel Comfortline AT,1.5838874941820544,0.7713902636916906,1,0,0,0,0,0,0,0,0,0,0,0,0,0,0,0,0,0,0,0,0,0,0,0,0,0,1,0
Maruti Suzuki Ertiga VDi,0.04402115912890969,0.054392903209029515,1,0,0,0,0,0,0,0,0,0,0,0,0,0,0,0,0,1,0,0,0,0,0,0,0,0,0,0
Hyundai i10 Sportz 1.2,-0.27023727659622193,0.29339202336991654,0,0,1,0,0,0,0,0,0,0,0,0,1,0,0,0,0,0,0,0,0,0,0,0,0,0,0,0
Mahindra KUV100 K8 6 STR,-1.3740700320807466,-1.6186009379171795,0,0,1,0,0,0,0,0,0,0,0,0,0,0,0,0,1,0,0,0,0,0,0,0,0,0,0,0
Maruti Suzuki Dzire VDI,1.8038683991896467,-0.6626044572736315,1,0,0,0,0,0,0,0,0,0,0,0,0,0,0,0,0,1,0,0,0,0,0,0,0,0,0,0
Volvo S80 Summum D4,-0.14453390230616928,-0.6626044572736315,1,0,0,0,0,0,0,0,0,0,0,0,0,0,0,0,0,0,0,0,0,0,0,0,0,0,0,1
Maruti Suzuki Dzire,0.2640020641365018,-0.4236053371127445,1,0,0,0,0,0,0,0,0,0,0,0,0,0,0,0,0,1,0,0,0,0,0,0,0,0,0,0
Honda City ZX GXi,0.106872846273936,1.4883876241743517,0,0,1,0,0,0,0,0,0,0,0,1,0,0,0,0,0,0,0,0,0,0,0,0,0,0,0,0
BMW 5 Series 530i,-0.28538453319817325,0.7713902636916906,0,0,1,0,1,0,0,0,0,0,0,0,0,0,0,0,0,0,0,0,0,0,0,0,0,0,0,0
Maruti Suzuki Swift Dzire Tour VDi,-0.1508190710206719,-1.1406026975954056,1,0,0,0,0,0,0,0,0,0,0,0,0,0,0,0,0,1,0,0,0,0,0,0,0,0,0,0
Hyundai Santro Xing XL AT eRLX Euro III,-0.018830528016116628,1.2493885040134647,0,0,1,0,0,0,0,0,0,0,0,0,1,0,0,0,0,0,0,0,0,0,0,0,0,0,0,0
Tata Sumo Gold Select Variant,0.106872846273936,-0.1846062169518575,1,0,0,0,0,0,0,0,0,0,0,0,0,0,0,0,0,0,0,0,0,0,0,0,1,0,0,0
Honda Brio VX AT,-1.1187350530540772,-1.1406026975954056,0,0,1,0,0,0,0,0,0,0,0,1,0,0,0,0,0,0,0,0,0,0,0,0,0,0,0,0
Renault Kwid RXT,-1.4329934887792088,-1.6186009379171795,0,0,1,0,0,0,0,0,0,0,0,0,0,0,0,0,0,0,0,0,0,0,1,0,0,0,0,0
Hyundai Grand i10 Magna 1.2 Kappa VTVT,-1.3842834312418135,-1.1406026975954056,0,0,1,0,0,0,0,0,0,0,0,0,1,0,0,0,0,0,0,0,0,0,0,0,0,0,0,0
Maruti Suzuki Maruti 800 Std,0.31924869713697995,2.205384984657013,0,0,1,0,0,0,0,0,0,0,0,0,0,0,0,0,0,1,0,0,0,0,0,0,0,0,0,0
Ford Figo,-0.17595974587868243,0.054392903209029515,1,0,0,0,0,0,0,0,0,1,0,0,0,0,0,0,0,0,0,0,0,0,0,0,0,0,0,0
Toyota Corolla,-0.2073855894511956,1.4883876241743517,0,0,1,0,0,0,0,0,0,0,0,0,0,0,0,0,0,0,0,0,0,0,0,0,0,1,0,0
Honda City SV,-0.39594065088627456,-0.4236053371127445,1,0,0,0,0,0,0,0,0,0,0,1,0,0,0,0,0,0,0,0,0,0,0,0,0,0,0,0
Chevrolet Spark,-0.4085109883152798,0.054392903209029515,0,0,1,0,0,1,0,0,0,0,0,0,0,0,0,0,0,0,0,0,0,0,0,0,0,0,0,0
Ford Figo Petrol Titanium,-1.464419332351722,-1.6186009379171795,0,0,1,0,0,0,0,0,0,1,0,0,0,0,0,0,0,0,0,0,0,0,0,0,0,0,0,0
Maruti Suzuki Swift Dzire VXi 1.2 BS IV,0.2640020641365018,-0.6626044572736315,0,0,1,0,0,0,0,0,0,0,0,0,0,0,0,0,0,1,0,0,0,0,0,0,0,0,0,0
Hyundai Verna 1.6 CRDI SX,-0.14453390230616928,-1.3796018177562925,1,0,0,0,0,0,0,0,0,0,0,0,1,0,0,0,0,0,0,0,0,0,0,0,0,0,0,0
Mahindra Scorpio SLE BS IV,-0.8673283044739719,0.054392903209029515,1,0,0,0,0,0,0,0,0,0,0,0,0,0,0,0,1,0,0,0,0,0,0,0,0,0,0,0
Renault Duster 110 PS RxZ Diesel Plus,-0.27023727659622193,0.054392903209029515,1,0,0,0,0,0,0,0,0,0,0,0,0,0,0,0,0,0,0,0,0,0,1,0,0,0,0,0
Mahindra Scorpio S4,-0.5216440251763271,-0.6626044572736315,1,0,0,0,0,0,0,0,0,0,0,0,0,0,0,0,1,0,0,0,0,0,0,0,0,0,0,0
Hyundai i10 Sportz 1.2,-0.022853035993398312,0.5323911435308035,0,0,1,0,0,0,0,0,0,0,0,0,1,0,0,0,0,0,0,0,0,0,0,0,0,0,0,0
Maruti Suzuki Wagon R VXi Minor,-0.23881143302370875,-0.1846062169518575,0,0,1,0,0,0,0,0,0,0,0,0,0,0,0,0,0,1,0,0,0,0,0,0,0,0,0,0
Fiat Linea Emotion 1.4 L T Jet Petrol,0.5468346562891202,0.7713902636916906,0,0,1,0,0,0,0,1,0,0,0,0,0,0,0,0,0,0,0,0,0,0,0,0,0,0,0,0
Tata Indigo CS LS DiCOR,-0.018830528016116628,0.7713902636916906,1,0,0,0,0,0,0,0,0,0,0,0,0,0,0,0,0,0,0,0,0,0,0,0,1,0,0,0
Hyundai i20 Magna,0.106872846273936,0.5323911435308035,0,0,1,0,0,0,0,0,0,0,0,0,1,0,0,0,0,0,0,0,0,0,0,0,0,0,0,0
Maruti Suzuki 800,1.1086030359913654,2.683383224978787,0,0,1,0,0,0,0,0,0,0,0,0,0,0,0,0,0,1,0,0,0,0,0,0,0,0,0,0
Maruti Suzuki Zen LXi BS III,0.7322471333669479,2.205384984657013,0,0,1,0,0,0,0,0,0,0,0,0,0,0,0,0,0,1,0,0,0,0,0,0,0,0,0,0
Hyundai Grand i10 Magna 1.2 Kappa VTVT,0.20115037699147548,-0.6626044572736315,0,0,1,0,0,0,0,0,0,0,0,0,1,0,0,0,0,0,0,0,0,0,0,0,0,0,0,0
Maruti Suzuki Wagon R,-1.2444384273441298,1.2493885040134647,0,0,1,0,0,0,0,0,0,0,0,0,0,0,0,0,0,1,0,0,0,0,0,0,0,0,0,0
Maruti Suzuki Zen Estilo LXI Green CNG,-1.464419332351722,0.7713902636916906,0,0,1,0,0,0,0,0,0,0,0,0,0,0,0,0,0,1,0,0,0,0,0,0,0,0,0,0
Skoda Octavia Classic 1.9 TDI MT,0.5782604998616334,1.4883876241743517,1,0,0,0,0,0,0,0,0,0,0,0,0,0,0,0,0,0,0,0,0,0,0,1,0,0,0,0
Tata Indigo CS,-1.106164715625072,0.29339202336991654,1,0,0,0,0,0,0,0,0,0,0,0,0,0,0,0,0,0,0,0,0,0,0,0,1,0,0,0
Volkswagen Vento Highline Plus 1.5 Diesel AT,-1.3512862954906746,-1.6186009379171795,1,0,0,0,0,0,0,0,0,0,0,0,0,0,0,0,0,0,0,0,0,0,0,0,0,0,1,0
Mahindra XUV500 W6,0.19486520827697285,-0.1846062169518575,1,0,0,0,0,0,0,0,0,0,0,0,0,0,0,0,1,0,0,0,0,0,0,0,0,0,0,0
Datsun Redi GO T O,-1.2444384273441298,-0.9016035774345186,0,0,1,0,0,0,1,0,0,0,0,0,0,0,0,0,0,0,0,0,0,0,0,0,0,0,0,0
Honda City 1.5 S MT,0.2640020641365018,0.7713902636916906,0,0,1,0,0,0,0,0,0,0,0,1,0,0,0,0,0,0,0,0,0,0,0,0,0,0,0,0
Volkswagen Polo Trendline 1.5L D,-0.678773243038893,-0.6626044572736315,1,0,0,0,0,0,0,0,0,0,0,0,0,0,0,0,0,0,0,0,0,0,0,0,0,0,1,0
Toyota Corolla Altis Diesel D4DG,-0.27023727659622193,0.5323911435308035,1,0,0,0,0,0,0,0,0,0,0,0,0,0,0,0,0,0,0,0,0,0,0,0,0,1,0,0
Mahindra Scorpio S10,-0.1131080587336561,-0.9016035774345186,1,0,0,0,0,0,0,0,0,0,0,0,0,0,0,0,1,0,0,0,0,0,0,0,0,0,0,0
Maruti Suzuki Zen VX,0.42113128199906763,2.9223823451396735,0,0,1,0,0,0,0,0,0,0,0,0,0,0,0,0,0,1,0,0,0,0,0,0,0,0,0,0
Maruti Suzuki SX4 ZXI MT,-0.33308896374124825,0.5323911435308035,0,0,1,0,0,0,0,0,0,0,0,0,0,0,0,0,0,1,0,0,0,0,0,0,0,0,0,0
Mahindra Xylo E8,0.5468346562891202,0.7713902636916906,1,0,0,0,0,0,0,0,0,0,0,0,0,0,0,0,1,0,0,0,0,0,0,0,0,0,0,0
Maruti Suzuki Ertiga Vxi,0.892518935586765,-0.6626044572736315,0,0,1,0,0,0,0,0,0,0,0,0,0,0,0,0,0,1,0,0,0,0,0,0,0,0,0,0
Mahindra Thar CRDe 4x4 AC,-0.5530698687488403,-0.9016035774345186,1,0,0,0,0,0,0,0,0,0,0,0,0,0,0,0,1,0,0,0,0,0,0,0,0,0,0,0
Renault Kwid RXT Opt,-0.9930316787640245,-1.3796018177562925,0,0,1,0,0,0,0,0,0,0,0,0,0,0,0,0,0,0,0,0,0,0,1,0,0,0,0,0
Mini Cooper S 1.6,-1.055883365909051,-0.1846062169518575,0,0,1,0,0,0,0,0,0,0,0,0,0,0,0,0,0,0,0,1,0,0,0,0,0,0,0,0
Tata Indigo LS,0.7353897177241993,-0.9016035774345186,1,0,0,0,0,0,0,0,0,0,0,0,0,0,0,0,0,0,0,0,0,0,0,0,1,0,0,0
Hyundai Verna 1.4 VTVT,-0.33308896374124825,-0.4236053371127445,0,0,1,0,0,0,0,0,0,0,0,0,1,0,0,0,0,0,0,0,0,0,0,0,0,0,0,0
Maruti Suzuki Vitara Brezza,-0.5530698687488403,-0.9016035774345186,1,0,0,0,0,0,0,0,0,0,0,0,0,0,0,0,0,1,0,0,0,0,0,0,0,0,0,0
Toyota Etios Liva G,-0.6897094366021276,-0.4236053371127445,0,0,1,0,0,0,0,0,0,0,0,0,0,0,0,0,0,0,0,0,0,0,0,0,0,1,0,0
Hyundai i10,-0.6159215558938667,0.7713902636916906,0,0,1,0,0,0,0,0,0,0,0,0,1,0,0,0,0,0,0,0,0,0,0,0,0,0,0,0
Toyota Corolla Altis,2.6837920192200153,0.7713902636916906,0,0,1,0,0,0,0,0,0,0,0,0,0,0,0,0,0,0,0,0,0,0,0,0,0,1,0,0
Hyundai Eon,-1.0244575223365378,-0.4236053371127445,0,0,1,0,0,0,0,0,0,0,0,0,1,0,0,0,0,0,0,0,0,0,0,0,0,0,0,0
Hyundai i20 Active 1.4L SX O,-0.3016631201687351,-0.6626044572736315,1,0,0,0,0,0,0,0,0,0,0,0,1,0,0,0,0,0,0,0,0,0,0,0,0,0,0,0
Maruti Suzuki Alto K10 VXi AMT,-0.17595974587868243,0.29339202336991654,0,0,1,0,0,0,0,0,0,0,0,0,0,0,0,0,0,1,0,0,0,0,0,0,0,0,0,0
Maruti Suzuki Swift Dzire VXi 1.2 BS IV,0.3897054384265545,0.7713902636916906,0,0,1,0,0,0,0,0,0,0,0,0,0,0,0,0,0,1,0,0,0,0,0,0,0,0,0,0
Honda City 1.5 S MT,-0.7730507737564325,-0.4236053371127445,0,0,1,0,0,0,0,0,0,0,0,1,0,0,0,0,0,0,0,0,0,0,0,0,0,0,0,0
Tata Indigo eCS LX CR4 BS IV,1.8038683991896467,-0.9016035774345186,1,0,0,0,0,0,0,0,0,0,0,0,0,0,0,0,0,0,0,0,0,0,0,0,1,0,0,0
Chevrolet Beat,-0.5216440251763271,-0.6626044572736315,0,0,1,0,0,1,0,0,0,0,0,0,0,0,0,0,0,0,0,0,0,0,0,0,0,0,0,0
Mitsubishi Pajero Sport 2.5 AT,-0.3016631201687351,-0.6626044572736315,1,0,0,0,0,0,0,0,0,0,0,0,0,0,0,0,0,0,0,0,1,0,0,0,0,0,0,0
Maruti Suzuki Zen Estilo,-0.3645148073137614,0.5323911435308035,0,0,1,0,0,0,0,0,0,0,0,0,0,0,0,0,0,1,0,0,0,0,0,0,0,0,0,0
Mahindra Jeep CL550 MDI,-1.4631622986088215,1.4883876241743517,1,0,0,0,0,0,0,0,0,0,0,0,0,0,0,0,1,0,0,0,0,0,0,0,0,0,0,0
Toyota Innova 2.5 E 8 STR,0.892518935586765,0.054392903209029515,1,0,0,0,0,0,0,0,0,0,0,0,0,0,0,0,0,0,0,0,0,0,0,0,0,1,0,0
Maruti Suzuki Ertiga Vxi,4.82074938215091,0.054392903209029515,1,0,0,0,0,0,0,0,0,0,0,0,0,0,0,0,0,1,0,0,0,0,0,0,0,0,0,0
Maruti Suzuki Ertiga ZXI Plus,-0.5530698687488403,-0.9016035774345186,0,0,1,0,0,0,0,0,0,0,0,0,0,0,0,0,0,1,0,0,0,0,0,0,0,0,0,0
Hyundai Eon Sportz,-0.5216440251763271,0.054392903209029515,0,0,1,0,0,0,0,0,0,0,0,0,1,0,0,0,0,0,0,0,0,0,0,0,0,0,0,0
Honda City 1.5 S MT,-0.4273664944587877,0.29339202336991654,0,0,1,0,0,0,0,0,0,0,0,1,0,0,0,0,0,0,0,0,0,0,0,0,0,0,0,0
Hyundai Elite i20 Sportz 1.2,-0.9930316787640245,-1.1406026975954056,0,0,1,0,0,0,0,0,0,0,0,0,1,0,0,0,0,0,0,0,0,0,0,0,0,0,0,0
Maruti Suzuki Wagon R,-0.6159215558938667,0.7713902636916906,0,0,1,0,0,0,0,0,0,0,0,0,0,0,0,0,0,1,0,0,0,0,0,0,0,0,0,0
Chevrolet Spark 1.0 LT,-0.6159215558938667,0.29339202336991654,0,0,1,0,0,1,0,0,0,0,0,0,0,0,0,0,0,0,0,0,0,0,0,0,0,0,0,0
Tata Indigo CS eLS BS IV,1.678165024899594,-0.6626044572736315,1,0,0,0,0,0,0,0,0,0,0,0,0,0,0,0,0,0,0,0,0,0,0,0,1,0,0,0
Maruti Suzuki Esteem LXi BS III,0.13829868984644916,1.2493885040134647,0,0,1,0,0,0,0,0,0,0,0,0,0,0,0,0,0,1,0,0,0,0,0,0,0,0,0,0
Volkswagen Vento Highline Plus 1.5 Diesel AT,-0.39594065088627456,-0.6626044572736315,1,0,0,0,0,0,0,0,0,0,0,0,0,0,0,0,0,0,0,0,0,0,0,0,0,0,1,0
Toyota Corolla Altis VL AT Petrol,-0.5530698687488403,-0.4236053371127445,0,0,1,0,0,0,0,0,0,0,0,0,0,0,0,0,0,0,0,0,0,0,0,0,0,1,0,0
Skoda Superb 1.8 TFSI AT,0.6725380305791729,0.29339202336991654,0,0,1,0,0,0,0,0,0,0,0,0,0,0,0,0,0,0,0,0,0,0,0,1,0,0,0,0
Honda City,-0.23881143302370875,-0.6626044572736315,0,0,1,0,0,0,0,0,0,0,0,1,0,0,0,0,0,0,0,0,0,0,0,0,0,0,0,0
Audi Q7,-0.9322540972947841,-0.4236053371127445,1,0,0,1,0,0,0,0,0,0,0,0,0,0,0,0,0,0,0,0,0,0,0,0,0,0,0,0
Maruti Suzuki Zen LXi BSII,-0.2073855894511956,2.683383224978787,0,0,1,0,0,0,0,0,0,0,0,0,0,0,0,0,0,1,0,0,0,0,0,0,0,0,0,0
Mahindra XUV500 W8,0.20115037699147548,-0.6626044572736315,1,0,0,0,0,0,0,0,0,0,0,0,0,0,0,0,1,0,0,0,0,0,0,0,0,0,0,0
Tata Indica,-0.14453390230616928,1.7273867443352386,0,0,1,0,0,0,0,0,0,0,0,0,0,0,0,0,0,0,0,0,0,0,0,0,1,0,0,0
Toyota Etios Liva,-0.17595974587868243,0.29339202336991654,0,0,1,0,0,0,0,0,0,0,0,0,0,0,0,0,0,0,0,0,0,0,0,0,0,1,0,0
Maruti Suzuki Swift VXI BSIII,-0.05025637158862979,1.4883876241743517,0,0,1,0,0,0,0,0,0,0,0,0,0,0,0,0,0,1,0,0,0,0,0,0,0,0,0,0
Maruti Suzuki Alto LXi BS III,0.5782604998616334,1.7273867443352386,0,0,1,0,0,0,0,0,0,0,0,0,0,0,0,0,0,1,0,0,0,0,0,0,0,0,0,0
Hyundai Eon Magna,-1.414137982635701,-1.1406026975954056,0,0,1,0,0,0,0,0,0,0,0,0,1,0,0,0,0,0,0,0,0,0,0,0,0,0,0,0
Maruti Suzuki Wagon R AX BSIV,-0.2073855894511956,0.5323911435308035,0,0,1,0,0,0,0,0,0,0,0,0,0,0,0,0,0,1,0,0,0,0,0,0,0,0,0,0
Tata Indigo eCS LX CR4 BS IV,1.8038683991896467,-0.9016035774345186,1,0,0,0,0,0,0,0,0,0,0,0,0,0,0,0,0,0,0,0,0,0,0,0,1,0,0,0
Maruti Suzuki Zen LXi BS III,-1.1330652377231432,2.4443841048178996,0,0,1,0,0,0,0,0,0,0,0,0,0,0,0,0,0,1,0,0,0,0,0,0,0,0,0,0
Toyota Corolla Altis,0.5782604998616334,0.7713902636916906,0,0,1,0,0,0,0,0,0,0,0,0,0,0,0,0,0,0,0,0,0,0,0,0,0,1,0,0
Chevrolet Beat LT Petrol,-0.33308896374124825,0.054392903209029515,0,0,1,0,0,1,0,0,0,0,0,0,0,0,0,0,0,0,0,0,0,0,0,0,0,0,0,0
Audi A4 2.0 TDI 177bhp Premium,-0.6159215558938667,-0.1846062169518575,1,0,0,1,0,0,0,0,0,0,0,0,0,0,0,0,0,0,0,0,0,0,0,0,0,0,0,0
Maruti Suzuki Swift Select Variant,0.35827959485404126,1.0103893838525775,1,0,0,0,0,0,0,0,0,0,0,0,0,0,0,0,0,1,0,0,0,0,0,0,0,0,0,0
Mercedes Benz GLA Class 200 CDI Sport,-0.8359024609014588,-0.6626044572736315,1,0,0,0,0,0,0,0,0,0,0,0,0,0,0,0,0,0,1,0,0,0,0,0,0,0,0,0
Tata Indigo LX TDI BS III,1.8038683991896467,-0.9016035774345186,1,0,0,0,0,0,0,0,0,0,0,0,0,0,0,0,0,0,0,0,0,0,0,0,1,0,0,0
Datsun Go Plus,-1.027600106693789,-0.9016035774345186,0,0,1,0,0,0,1,0,0,0,0,0,0,0,0,0,0,0,0,0,0,0,0,0,0,0,0,0
Toyota Innova 2.5 V 7 STR,3.1551796728077126,0.29339202336991654,1,0,0,0,0,0,0,0,0,0,0,0,0,0,0,0,0,0,0,0,0,0,0,0,0,1,0,0
Mahindra Scorpio VLX 2WD BS IV,0.106872846273936,-0.4236053371127445,1,0,0,0,0,0,0,0,0,0,0,0,0,0,0,0,1,0,0,0,0,0,0,0,0,0,0,0
Tata Indigo eCS LX TDI BS III,4.663620164288345,-0.4236053371127445,1,0,0,0,0,0,0,0,0,0,0,0,0,0,0,0,0,0,0,0,0,0,0,0,1,0,0,0
Volkswagen Jetta Comfortline 1.9 TDI AT,0.24828914235024524,0.7713902636916906,1,0,0,0,0,0,0,0,0,0,0,0,0,0,0,0,0,0,0,0,0,0,0,0,0,0,1,0
Maruti Suzuki Wagon R,-0.9930316787640245,-0.9016035774345186,0,0,1,0,0,0,0,0,0,0,0,0,0,0,0,0,0,1,0,0,0,0,0,0,0,0,0,0
Maruti Suzuki Alto LX,0.7353897177241993,1.0103893838525775,0,0,1,0,0,0,0,0,0,0,0,0,0,0,0,0,0,1,0,0,0,0,0,0,0,0,0,0
Honda Jazz S MT,-0.6883581253285095,0.7713902636916906,0,0,1,0,0,0,0,0,0,0,0,1,0,0,0,0,0,0,0,0,0,0,0,0,0,0,0,0
Maruti Suzuki Alto 800 Lxi,-1.2695791022021403,-1.1406026975954056,0,0,1,0,0,0,0,0,0,0,0,0,0,0,0,0,0,1,0,0,0,0,0,0,0,0,0,0
Toyota Innova 2.5 G BS III 8 STR,0.8296672484417387,1.4883876241743517,1,0,0,0,0,0,0,0,0,0,0,0,0,0,0,0,0,0,0,0,0,0,0,0,0,1,0,0
Maruti Suzuki Swift,-0.05025637158862979,-0.1846062169518575,1,0,0,0,0,0,0,0,0,0,0,0,0,0,0,0,0,1,0,0,0,0,0,0,0,0,0,0
Renault Kwid RXT,-1.3072901144891562,-1.1406026975954056,0,0,1,0,0,0,0,0,0,0,0,0,0,0,0,0,0,0,0,0,0,0,1,0,0,0,0,0
Maruti Suzuki Omni Select Variant,-1.2752357540451928,-0.4236053371127445,0,0,1,0,0,0,0,0,0,0,0,0,0,0,0,0,0,1,0,0,0,0,0,0,0,0,0,0
Mahindra Scorpio Vlx BSIV,0.892518935586765,-0.1846062169518575,1,0,0,0,0,0,0,0,0,0,0,0,0,0,0,0,1,0,0,0,0,0,0,0,0,0,0,0
Tata Zest XE 75 PS Diesel,0.7353897177241993,-1.1406026975954056,1,0,0,0,0,0,0,0,0,0,0,0,0,0,0,0,0,0,0,0,0,0,0,0,1,0,0,0
Hyundai Verna 1.6 EX VTVT,-1.087309209481564,-1.1406026975954056,0,0,1,0,0,0,0,0,0,0,0,0,1,0,0,0,0,0,0,0,0,0,0,0,0,0,0,0
Maruti Suzuki Omni Limited Edition,0.7353897177241993,2.683383224978787,0,0,1,0,0,0,0,0,0,0,0,0,0,0,0,0,0,1,0,0,0,0,0,0,0,0,0,0
Hyundai i10 Magna 1.2 Kappa2,-0.4273664944587877,0.7713902636916906,0,0,1,0,0,0,0,0,0,0,0,0,1,0,0,0,0,0,0,0,0,0,0,0,0,0,0,0
Fiat Punto Emotion 1.2,-0.29537795145423246,0.054392903209029515,1,0,0,0,0,0,0,1,0,0,0,0,0,0,0,0,0,0,0,0,0,0,0,0,0,0,0,0
Volkswagen Polo,0.04402115912890969,-0.1846062169518575,1,0,0,0,0,0,0,0,0,0,0,0,0,0,0,0,0,0,0,0,0,0,0,0,0,0,1,0
Maruti Suzuki Alto K10 VXi AMT,-1.2884346083456484,-1.1406026975954056,0,0,1,0,0,0,0,0,0,0,0,0,0,0,0,0,0,1,0,0,0,0,0,0,0,0,0,0
Tata Sumo Gold LX BS IV,1.6467391813270809,-0.4236053371127445,1,0,0,0,0,0,0,0,0,0,0,0,0,0,0,0,0,0,0,0,0,0,0,0,1,0,0,0
Hyundai i20 Asta 1.4 CRDI 6 Speed,-0.3268037950267456,0.054392903209029515,1,0,0,0,0,0,0,0,0,0,0,0,1,0,0,0,0,0,0,0,0,0,0,0,0,0,0,0
Chevrolet Enjoy,-0.515327430618252,-0.4236053371127445,1,0,0,0,0,1,0,0,0,0,0,0,0,0,0,0,0,0,0,0,0,0,0,0,0,0,0,0
Maruti Suzuki Alto 800 Vxi,-1.3072901144891562,-0.6626044572736315,0,0,1,0,0,0,0,0,0,0,0,0,0,0,0,0,0,1,0,0,0,0,0,0,0,0,0,0
Renault Duster 85 PS RxL Diesel,-0.8673283044739719,-0.6626044572736315,1,0,0,0,0,0,0,0,0,0,0,0,0,0,0,0,0,0,0,0,0,0,1,0,0,0,0,0
Maruti Suzuki Ertiga VDi,0.1854374552052189,-0.1846062169518575,1,0,0,0,0,0,0,0,0,0,0,0,0,0,0,0,0,1,0,0,0,0,0,0,0,0,0,0
Hyundai Elite i20,-0.8044766173289456,-1.3796018177562925,0,0,1,0,0,0,0,0,0,0,0,0,1,0,0,0,0,0,0,0,0,0,0,0,0,0,0,0
Honda City 1.5 E MT,-0.17595974587868243,1.7273867443352386,0,0,1,0,0,0,0,0,0,0,0,1,0,0,0,0,0,0,0,0,0,0,0,0,0,0,0,0
Maruti Suzuki Vitara Brezza ZDi,-0.9623914812808243,-0.9016035774345186,1,0,0,0,0,0,0,0,0,0,0,0,0,0,0,0,0,1,0,0,0,0,0,0,0,0,0,0
Toyota Etios G,-0.14453390230616928,-0.1846062169518575,0,0,1,0,0,0,0,0,0,0,0,0,0,0,0,0,0,0,0,0,0,0,0,0,0,1,0,0
Toyota Etios GD,0.42113128199906763,-0.1846062169518575,1,0,0,0,0,0,0,0,0,0,0,0,0,0,0,0,0,0,0,0,0,0,0,0,0,1,0,0
Toyota Corolla,-0.6473473994663799,0.7713902636916906,0,0,0,0,0,0,0,0,0,0,0,0,0,0,0,0,0,0,0,0,0,0,0,0,0,1,0,0
Hyundai i10,-0.27023727659622193,0.054392903209029515,0,0,1,0,0,0,0,0,0,0,0,0,1,0,0,0,0,0,0,0,0,0,0,0,0,0,0,0
Hyundai Getz Prime 1.3 GLX,-0.8359024609014588,0.7713902636916906,0,0,1,0,0,0,0,0,0,0,0,0,1,0,0,0,0,0,0,0,0,0,0,0,0,0,0,0
Maruti Suzuki Alto 800,-1.2287255055578732,-1.3796018177562925,0,0,1,0,0,0,0,0,0,0,0,0,0,0,0,0,0,1,0,0,0,0,0,0,0,0,0,0
